Phytochemical Name,Common name
Aconitic acid,INMT
Aconitic acid,FNTA
Aconitic acid,FNTB
Aconitic acid,CA1
Aconitic acid,CA9
Aconitic acid,PTPN2
Aconitic acid,TNF
Aconitic acid,CPB1
Malic acid,EGLN1
Malic acid,ACLY
Malic acid,CHRNA7
Malic acid,FDFT1
Malic acid,HDAC3
Malic acid,AKR1B1
Malic acid,HMGCR
Malic acid,SLC1A1
Malic acid,SLC1A2
Malic acid,HAO1
Malic acid,KDM2A
Malic acid,PHF8
Malic acid,KDM5C
Malic acid,PTGER2
Malic acid,PTGFR
Malic acid,FNTA
Malic acid,FNTB
Malic acid,NPC1L1
Malic acid,UGT2B7
Malic acid,SLC6A1
Malic acid,GABRA1
Malic acid,GABRB2
Malic acid,GABRG2
Malic acid,GABRA3
Malic acid,GABRB2
Malic acid,GABRG2
Malic acid,GABRA2
Malic acid,GABRB2
Malic acid,GABRG2
Malic acid,GABBR2
Malic acid,GABBR1
Malic acid,GABRR1
Malic acid,SLC6A11
Malic acid,SLC22A6
Malic acid,SLC6A13
Malic acid,CPT1A
Malic acid,G6PD
Malic acid,FABP4
Malic acid,PPARA
Malic acid,FABP3
Malic acid,FABP5
Malic acid,PPARD
Malic acid,FFAR1
Malic acid,FABP2
D-(-)-Quinic acid,CHRNA7
D-(-)-Quinic acid,FDFT1
D-(-)-Quinic acid,NPC1L1
D-(-)-Quinic acid,PTGER2
D-(-)-Quinic acid,PTGFR
D-(-)-Quinic acid,FNTA
D-(-)-Quinic acid,FNTB
D-(-)-Quinic acid,NR1H4
D-(-)-Quinic acid,G6PD
D-(-)-Quinic acid,GPBAR1
D-(-)-Quinic acid,HSD11B1
D-(-)-Quinic acid,ACLY
D-(-)-Quinic acid,AR
D-(-)-Quinic acid,VDR
D-(-)-Quinic acid,CYP19A1
D-(-)-Quinic acid,POLB
D-(-)-Quinic acid,CDC25A
D-(-)-Quinic acid,AKR1B10
D-(-)-Quinic acid,FABP4
D-(-)-Quinic acid,PPARA
D-(-)-Quinic acid,FABP3
D-(-)-Quinic acid,FABP5
D-(-)-Quinic acid,PPARD
D-(-)-Quinic acid,FFAR1
D-(-)-Quinic acid,FABP2
D-(-)-Quinic acid,HSD11B2
D-(-)-Quinic acid,HAO1
D-(-)-Quinic acid,UGT2B7
D-(-)-Quinic acid,SERPINA6
D-(-)-Quinic acid,SHBG
D-(-)-Quinic acid,HSD17B3
D-(-)-Quinic acid,GABBR1
D-(-)-Quinic acid,SLC22A6
D-(-)-Quinic acid,GABRA2
D-(-)-Quinic acid,GABRB2
D-(-)-Quinic acid,GABRG2
D-(-)-Quinic acid,EGLN1
D-(-)-Quinic acid,HMGCR
D-(-)-Quinic acid,CPT1A
D-(-)-Quinic acid,PLG
D-(-)-Quinic acid,PTPN1
D-(-)-Quinic acid,FOLH1
D-(-)-Quinic acid,PTGES
D-(-)-Quinic acid,MMP2
D-(-)-Quinic acid,MMP8
D-(-)-Quinic acid,CDC45
D-(-)-Quinic acid,PTPRC
D-(-)-Quinic acid,NR1H3
D-(-)-Quinic acid,KDM2A
D-(-)-Quinic acid,PHF8
D-(-)-Quinic acid,KDM5C
D-(-)-Quinic acid,MMP9
D-(-)-Quinic acid,CA12
D-(-)-Quinic acid,CA9
D-(-)-Quinic acid,CACNA2D1
D-(-)-Quinic acid,GRM3
D-(-)-Quinic acid,GRM6
D-(-)-Quinic acid,GRM2
D-(-)-Quinic acid,PGD
D-(-)-Quinic acid,GRM8
D-(-)-Quinic acid,GRM4
D-(-)-Quinic acid,GSTK1
D-(-)-Quinic acid,LTA4H
D-(-)-Quinic acid,SAE1
D-(-)-Quinic acid,UBA2
D-(-)-Quinic acid,GRM5
D-(-)-Quinic acid,GAA
D-(-)-Quinic acid,GRIK1
D-(-)-Quinic acid,GRIK2
D-(-)-Quinic acid,SLC1A2
D-(-)-Quinic acid,GRM1
D-(-)-Quinic acid,KDM4E
D-(-)-Quinic acid,KDM6B
D-(-)-Quinic acid,SLC6A12
D-(-)-Quinic acid,PEPD
D-(-)-Quinic acid,OPRK1
D-(-)-Quinic acid,POLA1
D-(-)-Quinic acid,PREP
D-(-)-Quinic acid,PRKCA
D-(-)-Quinic acid,PTPN6
D-(-)-Quinic acid,PTPN2
D-(-)-Quinic acid,SIRT2
D-(-)-Quinic acid,SHH
D-(-)-Quinic acid,ACE
D-(-)-Quinic acid,CA1
D-(-)-Quinic acid,IL1B
D-(-)-Quinic acid,PPM1B
D-(-)-Quinic acid,PPP1CC
D-(-)-Quinic acid,CES2
D-(-)-Quinic acid,ANPEP
D-(-)-Quinic acid,PTGS2
D-(-)-Quinic acid,ENPEP
D-(-)-Quinic acid,FAAH
D-(-)-Quinic acid,PPARG
D-(-)-Quinic acid,TERT
D-(-)-Quinic acid,FABP1
D-(-)-Quinic acid,SLC1A1
D-(-)-Quinic acid,TRPM8
D-(-)-Quinic acid,CA4
D-(-)-Quinic acid,OPRM1
D-(-)-Quinic acid,NR3C1
D-(-)-Quinic acid,TOP2A
D-(-)-Quinic acid,CDC25C
D-(-)-Quinic acid,SCD
L-Pyroglutamic acid,ITGA2B
L-Pyroglutamic acid,ITGB3
L-Pyroglutamic acid,ACE
L-Pyroglutamic acid,F2
L-Pyroglutamic acid,LTA4H
L-Pyroglutamic acid,EGLN3
L-Pyroglutamic acid,REN
L-Pyroglutamic acid,PLA2G2A
L-Pyroglutamic acid,PLA2G5
L-Pyroglutamic acid,SLC1A2
L-Pyroglutamic acid,NR1H4
L-Pyroglutamic acid,HCAR2
L-Pyroglutamic acid,DPP4
L-Pyroglutamic acid,XIAP
L-Pyroglutamic acid,SLC5A1
L-Pyroglutamic acid,DLG4
L-Pyroglutamic acid,LAP3
L-Pyroglutamic acid,KDM2A
L-Pyroglutamic acid,PHF8
L-Pyroglutamic acid,KDM5C
L-Pyroglutamic acid,HLA-A
L-Pyroglutamic acid,PRKCE
L-Pyroglutamic acid,PTGS2
L-Pyroglutamic acid,FKBP1A
L-Pyroglutamic acid,EPHX2
L-Pyroglutamic acid,MMP2
L-Pyroglutamic acid,P4HTM
L-Pyroglutamic acid,GLO1
L-Pyroglutamic acid,ACE2
L-Pyroglutamic acid,KDM4E
L-Pyroglutamic acid,CAPN1
L-Pyroglutamic acid,CTSB
L-Pyroglutamic acid,DAO
L-Pyroglutamic acid,CAD
L-Pyroglutamic acid,CNR1
L-Pyroglutamic acid,DAGLA
L-Pyroglutamic acid,GSTK1
L-Pyroglutamic acid,PGC
L-Pyroglutamic acid,HSD17B3
L-Pyroglutamic acid,CPA3
L-Pyroglutamic acid,HSD11B1
L-Pyroglutamic acid,CASP8
L-Pyroglutamic acid,GRIK1
L-Pyroglutamic acid,GRIA1
L-Pyroglutamic acid,ADORA3
L-Pyroglutamic acid,GRIK5
L-Pyroglutamic acid,GRIA4
L-Pyroglutamic acid,GRIK2
L-Pyroglutamic acid,GRIK3
L-Pyroglutamic acid,BACE1
L-Pyroglutamic acid,GNPAT
L-Pyroglutamic acid,PRKCA
L-Pyroglutamic acid,PTGDR2
L-Pyroglutamic acid,KDM4A
L-Pyroglutamic acid,KDM4D
L-Pyroglutamic acid,KDM4C
L-Pyroglutamic acid,CTSD
L-Pyroglutamic acid,DDO
L-Pyroglutamic acid,DPP7
L-Pyroglutamic acid,SIRT2
L-Pyroglutamic acid,FAP
L-Pyroglutamic acid,NAAA
L-Pyroglutamic acid,PLA2G4A
L-Pyroglutamic acid,FPR2
L-Pyroglutamic acid,NAALAD2
L-Pyroglutamic acid,NTSR1
L-Pyroglutamic acid,CNR2
L-Pyroglutamic acid,PGA5
L-Pyroglutamic acid,NRP1
L-Pyroglutamic acid,CFB
L-Pyroglutamic acid,DNPEP
L-Pyroglutamic acid,XPNPEP1
L-Pyroglutamic acid,METAP2
L-Pyroglutamic acid,PEPD
L-Pyroglutamic acid,SIRT1
L-Pyroglutamic acid,XPNPEP2
L-Pyroglutamic acid,DPP8
L-Pyroglutamic acid,ECE1
L-Pyroglutamic acid,FEN1
L-Pyroglutamic acid,NTSR2
L-Pyroglutamic acid,FURIN
L-Pyroglutamic acid,HSP90AA1
L-Pyroglutamic acid,HGFAC
L-Pyroglutamic acid,GZMB
L-Pyroglutamic acid,PIM1
L-Pyroglutamic acid,GRM1
L-Pyroglutamic acid,GRM2
L-Pyroglutamic acid,MME
L-Pyroglutamic acid,MMP3
L-Pyroglutamic acid,MMP9
L-Pyroglutamic acid,MMP1
L-Pyroglutamic acid,MMP8
L-Pyroglutamic acid,PDF
L-Pyroglutamic acid,GRM3
L-Pyroglutamic acid,GRM8
L-Pyroglutamic acid,GRM6
L-Pyroglutamic acid,KDM7A
L-Pyroglutamic acid,PPM1B
L-Pyroglutamic acid,PPP1CC
L-Pyroglutamic acid,PTGER4
L-Pyroglutamic acid,PTGER2
(Z)-Aconitic Acid,INMT
(Z)-Aconitic Acid,FNTA
(Z)-Aconitic Acid,FNTB
(Z)-Aconitic Acid,CA1
(Z)-Aconitic Acid,CA9
(Z)-Aconitic Acid,PTPN2
(Z)-Aconitic Acid,TNF
(Z)-Aconitic Acid,CPB1
Citric acid,ACLY
Citric acid,FDFT1
Citric acid,CHRNA7
Citric acid,EGLN1
Citric acid,HMGCR
Citric acid,SLC22A6
Citric acid,FNTA
Citric acid,FNTB
Citric acid,SLC1A1
Citric acid,PTGER2
Citric acid,PTGFR
Citric acid,NPC1L1
Citric acid,HAO1
Citric acid,KDM2A
Citric acid,PHF8
Citric acid,KDM5C
Citric acid,GRM3
Citric acid,GRM2
Citric acid,GRIK1
Citric acid,GRIA1
Citric acid,ADORA3
Citric acid,GRIK5
Citric acid,GRM4
Citric acid,GRIA4
Citric acid,GRM5
Citric acid,GRM8
Citric acid,GRIK2
Citric acid,GRIK3
Citric acid,GRM1
Citric acid,GRM7
Citric acid,GRIA2
Citric acid,GRM6
Citric acid,UGT2B7
Citric acid,FOLH1
Citric acid,PGD
Citric acid,FABP4
Citric acid,PPARA
Citric acid,FABP3
Citric acid,FABP5
Citric acid,PPARD
Citric acid,FFAR1
Citric acid,FABP2
Citric acid,NR1H4
Citric acid,G6PD
Citric acid,GPBAR1
Citric acid,CPT1A
Citric acid,HSD11B1
Citric acid,HSD11B2
Citric acid,AR
Citric acid,VDR
Citric acid,CYP19A1
Citric acid,GABRA2
Citric acid,GABRB2
Citric acid,GABRG2
Citric acid,CDC25A
Citric acid,AKR1B10
Citric acid,POLB
Citric acid,HDAC3
Citric acid,SLC1A2
Citric acid,CA1
Citric acid,CA9
Citric acid,RNPEP
Citric acid,PTGES
Citric acid,SERPINA6
Citric acid,SHBG
Citric acid,HSD17B3
Citric acid,GABBR1
Glutaric acid,SLC22A6
Glutaric acid,HMGCR
Glutaric acid,EGLN1
Glutaric acid,ACLY
Glutaric acid,FNTA
Glutaric acid,FNTB
Glutaric acid,GRIK1
Glutaric acid,GRIA1
Glutaric acid,ADORA3
Glutaric acid,GRIK5
Glutaric acid,SLC1A1
Glutaric acid,GRM4
Glutaric acid,GRM3
Glutaric acid,GRIA4
Glutaric acid,GRM5
Glutaric acid,GRM8
Glutaric acid,GRIK2
Glutaric acid,GRIK3
Glutaric acid,GRM1
Glutaric acid,GRM7
Glutaric acid,GRIA2
Glutaric acid,GRM6
Glutaric acid,GRM2
Glutaric acid,FABP4
Glutaric acid,PPARA
Glutaric acid,FABP3
Glutaric acid,FABP5
Glutaric acid,PPARD
Glutaric acid,FFAR1
Glutaric acid,FABP2
Glutaric acid,HDAC3
Glutaric acid,NR1H4
Glutaric acid,GPBAR1
Glutaric acid,HSD11B1
Glutaric acid,FYN
Glutaric acid,LCK
Glutaric acid,DAO
Glutaric acid,PTGER2
Glutaric acid,PTGFR
Glutaric acid,CHRNA7
Glutaric acid,AR
Glutaric acid,VDR
Glutaric acid,GABRA2
Glutaric acid,GABRB2
Glutaric acid,GABRG2
Glutaric acid,CDC25A
Glutaric acid,AKR1B10
Glutaric acid,POLB
Glutaric acid,FDFT1
Glutaric acid,KDM2A
Glutaric acid,PHF8
Glutaric acid,KDM5C
Glutaric acid,RNPEP
Glutaric acid,UGT2B7
Glutaric acid,G6PD
Glutaric acid,CYP19A1
Glutaric acid,SERPINA6
Glutaric acid,SHBG
Glutaric acid,HSD17B3
Glutaric acid,GABBR1
Glutaric acid,SLC1A2
Glutaric acid,NPC1L1
Glutaric acid,SLC6A12
Glutaric acid,HSD11B2
Glutaric acid,HAO1
Glutaric acid,CA1
Glutaric acid,CA9
Glutaric acid,P4HTM
Glutaric acid,FOLH1
Glutaric acid,HCAR2
Glutaric acid,DPP4
Glutaric acid,PLG
Glutaric acid,PTPN1
Glutaric acid,GSTK1
Glutaric acid,LTA4H
Glutaric acid,SLC6A1
Glutaric acid,GABRA1
Glutaric acid,GABRB2
Glutaric acid,GABRG2
Glutaric acid,GABRA3
Glutaric acid,GABRB2
Glutaric acid,GABRG2
Glutaric acid,GABBR2
Glutaric acid,GABBR1
Glutaric acid,BBOX1
Glutaric acid,CDC45
Glutaric acid,PTPRC
Glutaric acid,GABRR1
Glutaric acid,SLC6A11
Glutaric acid,SLC6A13
Glutaric acid,CACNA2D1
Glutaric acid,TLR4
Glutaric acid,SAE1
Glutaric acid,UBA2
Glutaric acid,PTGES
Glutaric acid,ANPEP
Glutaric acid,ENPEP
Glutaric acid,ACE
Glutaric acid,CA2
DL-Arginine,NOS2
DL-Arginine,NOS1
DL-Arginine,ARG1
DL-Arginine,CA2
DL-Arginine,CA1
DL-Arginine,CA12
DL-Arginine,CA9
DL-Arginine,NOS3
DL-Arginine,SLC15A1
DL-Arginine,ERN1
DL-Arginine,BBOX1
DL-Arginine,GABBR2
DL-Arginine,GABBR1
DL-Arginine,HTR2B
DL-Arginine,HTR2C
DL-Arginine,BHMT
DL-Arginine,DDAH1
DL-Arginine,ANPEP
DL-Arginine,KYNU
DL-Arginine,KMO
DL-Arginine,SLC6A12
DL-Arginine,HTR2A
DL-Arginine,GABRA1
DL-Arginine,GABRB2
DL-Arginine,GABRG2
DL-Arginine,GABRA3
DL-Arginine,GABRB2
DL-Arginine,GABRG2
DL-Arginine,GABRA2
DL-Arginine,GABRB2
DL-Arginine,GABRG2
DL-Arginine,GABRR1
DL-Arginine,FBP1
DL-Arginine,PTPRA
DL-Arginine,KDM5A
DL-Arginine,GABBR1
DL-Arginine,TH
DL-Arginine,NTSR1
DL-Arginine,FYN
DL-Arginine,EGFR
DL-Arginine,LCK
DL-Arginine,CPB1
DL-Arginine,GRM1
DL-Arginine,PNP
DL-Arginine,MC1R
DL-Arginine,TYMP
DL-Arginine,P2RY1
DL-Arginine,RNPEP
DL-Arginine,GFPT1
DL-Arginine,MME
DL-Arginine,GRM8
DL-Arginine,PLK1
DL-Arginine,SLC5A1
DL-Arginine,ITGB1
DL-Arginine,ITGA5
DL-Arginine,LAP3
DL-Arginine,DOT1L
DL-Arginine,FDPS
DL-Arginine,ADRB2
DL-Arginine,ADRB1
DL-Arginine,OPRM1
DL-Arginine,CPB2
DL-Arginine,GRM5
DL-Arginine,SETD7
DL-Arginine,SLC1A1
DL-Arginine,GRM4
DL-Arginine,GRM7
DL-Arginine,REN
DL-Arginine,TYMS
DL-Arginine,PPARG
DL-Arginine,RXRB
DL-Arginine,RXRG
DL-Arginine,RXRA
DL-Arginine,GRIN1
DL-Arginine,GRIN2B
DL-Arginine,GRIN2A
DL-Arginine,GRIN1
DL-Arginine,PIN1
DL-Arginine,GGPS1
DL-Arginine,TKT
DL-Arginine,SFN
DL-Arginine,F10
DL-Arginine,CAPN1
DL-Arginine,FURIN
DL-Arginine,ITGA2B
DL-Arginine,ITGB3
DL-Arginine,CPN1
DL-Arginine,CDK2
DL-Arginine,CCNA1
DL-Arginine,CCNA2
DL-Arginine,ODC1
DL-Arginine,PDF
DL-Arginine,PLG
DL-Arginine,ENPEP
DL-Arginine,DPP7
DL-Arginine,DPP4
DL-Arginine,GRM2
DL-Arginine,SLC1A2
DL-Arginine,LTA4H
DL-Arginine,ADORA3
DL-Arginine,PEPD
DL-Arginine,CACNA2D1
DL-Arginine,GRIA1
DL-Arginine,GRIK5
DL-Arginine,GRIA4
DL-Arginine,GRIA2
DL-Arginine,GRM3
DL-Arginine,GRIK2
DL-Arginine,GRIK1
DL-Arginine,GRIK3
DL-Arginine,GRM6
Mesaconic acid,INMT
Mesaconic acid,EGLN1
Mesaconic acid,HCAR2
Mesaconic acid,KDM4E
Mesaconic acid,KDM3A
Mesaconic acid,KDM2A
Mesaconic acid,KDM5C
Mesaconic acid,FTO
Mesaconic acid,KDM5A
Mesaconic acid,EGLN2
Mesaconic acid,KDM5B
Mesaconic acid,EGLN3
Mesaconic acid,KDM4A
Mesaconic acid,HIF1AN
Mesaconic acid,KDM4D
Mesaconic acid,KDM4C
Mesaconic acid,CA2
Mesaconic acid,CA1
Mesaconic acid,CA12
Mesaconic acid,CA9
Mesaconic acid,P4HA1
Mesaconic acid,P4HTM
Mesaconic acid,ABAT
Mesaconic acid,FNTA
Mesaconic acid,FNTB
"1,3,4,5-Tetrahydroxycyclohexanecarboxylic acid",CHRNA7
"1,3,4,5-Tetrahydroxycyclohexanecarboxylic acid",FDFT1
"1,3,4,5-Tetrahydroxycyclohexanecarboxylic acid",NPC1L1
"1,3,4,5-Tetrahydroxycyclohexanecarboxylic acid",PTGER2
"1,3,4,5-Tetrahydroxycyclohexanecarboxylic acid",PTGFR
"1,3,4,5-Tetrahydroxycyclohexanecarboxylic acid",FNTA
"1,3,4,5-Tetrahydroxycyclohexanecarboxylic acid",FNTB
"1,3,4,5-Tetrahydroxycyclohexanecarboxylic acid",NR1H4
"1,3,4,5-Tetrahydroxycyclohexanecarboxylic acid",G6PD
"1,3,4,5-Tetrahydroxycyclohexanecarboxylic acid",GPBAR1
"1,3,4,5-Tetrahydroxycyclohexanecarboxylic acid",HSD11B1
"1,3,4,5-Tetrahydroxycyclohexanecarboxylic acid",ACLY
"1,3,4,5-Tetrahydroxycyclohexanecarboxylic acid",AR
"1,3,4,5-Tetrahydroxycyclohexanecarboxylic acid",VDR
"1,3,4,5-Tetrahydroxycyclohexanecarboxylic acid",CYP19A1
"1,3,4,5-Tetrahydroxycyclohexanecarboxylic acid",POLB
"1,3,4,5-Tetrahydroxycyclohexanecarboxylic acid",CDC25A
"1,3,4,5-Tetrahydroxycyclohexanecarboxylic acid",AKR1B10
"1,3,4,5-Tetrahydroxycyclohexanecarboxylic acid",FABP4
"1,3,4,5-Tetrahydroxycyclohexanecarboxylic acid",PPARA
"1,3,4,5-Tetrahydroxycyclohexanecarboxylic acid",FABP3
"1,3,4,5-Tetrahydroxycyclohexanecarboxylic acid",FABP5
"1,3,4,5-Tetrahydroxycyclohexanecarboxylic acid",PPARD
"1,3,4,5-Tetrahydroxycyclohexanecarboxylic acid",FFAR1
"1,3,4,5-Tetrahydroxycyclohexanecarboxylic acid",FABP2
"1,3,4,5-Tetrahydroxycyclohexanecarboxylic acid",HSD11B2
"1,3,4,5-Tetrahydroxycyclohexanecarboxylic acid",HAO1
"1,3,4,5-Tetrahydroxycyclohexanecarboxylic acid",UGT2B7
"1,3,4,5-Tetrahydroxycyclohexanecarboxylic acid",SERPINA6
"1,3,4,5-Tetrahydroxycyclohexanecarboxylic acid",SHBG
"1,3,4,5-Tetrahydroxycyclohexanecarboxylic acid",HSD17B3
"1,3,4,5-Tetrahydroxycyclohexanecarboxylic acid",GABBR1
"1,3,4,5-Tetrahydroxycyclohexanecarboxylic acid",SLC22A6
"1,3,4,5-Tetrahydroxycyclohexanecarboxylic acid",GABRA2
"1,3,4,5-Tetrahydroxycyclohexanecarboxylic acid",GABRB2
"1,3,4,5-Tetrahydroxycyclohexanecarboxylic acid",GABRG2
"1,3,4,5-Tetrahydroxycyclohexanecarboxylic acid",EGLN1
"1,3,4,5-Tetrahydroxycyclohexanecarboxylic acid",HMGCR
"1,3,4,5-Tetrahydroxycyclohexanecarboxylic acid",CPT1A
"1,3,4,5-Tetrahydroxycyclohexanecarboxylic acid",PLG
"1,3,4,5-Tetrahydroxycyclohexanecarboxylic acid",PTPN1
"1,3,4,5-Tetrahydroxycyclohexanecarboxylic acid",FOLH1
"1,3,4,5-Tetrahydroxycyclohexanecarboxylic acid",PTGES
"1,3,4,5-Tetrahydroxycyclohexanecarboxylic acid",CDC45
"1,3,4,5-Tetrahydroxycyclohexanecarboxylic acid",PTPRC
"1,3,4,5-Tetrahydroxycyclohexanecarboxylic acid",NR1H3
"1,3,4,5-Tetrahydroxycyclohexanecarboxylic acid",KDM2A
"1,3,4,5-Tetrahydroxycyclohexanecarboxylic acid",PHF8
"1,3,4,5-Tetrahydroxycyclohexanecarboxylic acid",KDM5C
"1,3,4,5-Tetrahydroxycyclohexanecarboxylic acid",CACNA2D1
"1,3,4,5-Tetrahydroxycyclohexanecarboxylic acid",GRM3
"1,3,4,5-Tetrahydroxycyclohexanecarboxylic acid",GRM6
"1,3,4,5-Tetrahydroxycyclohexanecarboxylic acid",GRM2
"1,3,4,5-Tetrahydroxycyclohexanecarboxylic acid",MMP2
"1,3,4,5-Tetrahydroxycyclohexanecarboxylic acid",MMP8
"1,3,4,5-Tetrahydroxycyclohexanecarboxylic acid",PGD
"1,3,4,5-Tetrahydroxycyclohexanecarboxylic acid",GRM8
"1,3,4,5-Tetrahydroxycyclohexanecarboxylic acid",GRM4
"1,3,4,5-Tetrahydroxycyclohexanecarboxylic acid",GSTK1
"1,3,4,5-Tetrahydroxycyclohexanecarboxylic acid",LTA4H
"1,3,4,5-Tetrahydroxycyclohexanecarboxylic acid",MMP9
"1,3,4,5-Tetrahydroxycyclohexanecarboxylic acid",CA12
"1,3,4,5-Tetrahydroxycyclohexanecarboxylic acid",CA9
"1,3,4,5-Tetrahydroxycyclohexanecarboxylic acid",SAE1
"1,3,4,5-Tetrahydroxycyclohexanecarboxylic acid",UBA2
"1,3,4,5-Tetrahydroxycyclohexanecarboxylic acid",GRM5
"1,3,4,5-Tetrahydroxycyclohexanecarboxylic acid",GRIK1
"1,3,4,5-Tetrahydroxycyclohexanecarboxylic acid",GRIK2
"1,3,4,5-Tetrahydroxycyclohexanecarboxylic acid",GAA
"1,3,4,5-Tetrahydroxycyclohexanecarboxylic acid",SLC1A2
"1,3,4,5-Tetrahydroxycyclohexanecarboxylic acid",KDM4E
"1,3,4,5-Tetrahydroxycyclohexanecarboxylic acid",KDM6B
"1,3,4,5-Tetrahydroxycyclohexanecarboxylic acid",GRM1
"1,3,4,5-Tetrahydroxycyclohexanecarboxylic acid",AHCY
"1,3,4,5-Tetrahydroxycyclohexanecarboxylic acid",SCN9A
"1,3,4,5-Tetrahydroxycyclohexanecarboxylic acid",SLC6A12
"1,3,4,5-Tetrahydroxycyclohexanecarboxylic acid",PEPD
"1,3,4,5-Tetrahydroxycyclohexanecarboxylic acid",OPRK1
"1,3,4,5-Tetrahydroxycyclohexanecarboxylic acid",POLA1
"1,3,4,5-Tetrahydroxycyclohexanecarboxylic acid",PREP
"1,3,4,5-Tetrahydroxycyclohexanecarboxylic acid",PRKCA
"1,3,4,5-Tetrahydroxycyclohexanecarboxylic acid",PTPN6
"1,3,4,5-Tetrahydroxycyclohexanecarboxylic acid",PTPN2
"1,3,4,5-Tetrahydroxycyclohexanecarboxylic acid",SIRT2
"1,3,4,5-Tetrahydroxycyclohexanecarboxylic acid",SHH
"1,3,4,5-Tetrahydroxycyclohexanecarboxylic acid",IL1B
"1,3,4,5-Tetrahydroxycyclohexanecarboxylic acid",PPM1B
"1,3,4,5-Tetrahydroxycyclohexanecarboxylic acid",PPP1CC
"1,3,4,5-Tetrahydroxycyclohexanecarboxylic acid",ACE
"1,3,4,5-Tetrahydroxycyclohexanecarboxylic acid",CES2
"1,3,4,5-Tetrahydroxycyclohexanecarboxylic acid",ANPEP
"1,3,4,5-Tetrahydroxycyclohexanecarboxylic acid",PTGS2
"1,3,4,5-Tetrahydroxycyclohexanecarboxylic acid",ENPEP
"1,3,4,5-Tetrahydroxycyclohexanecarboxylic acid",FAAH
"1,3,4,5-Tetrahydroxycyclohexanecarboxylic acid",PPARG
"1,3,4,5-Tetrahydroxycyclohexanecarboxylic acid",TERT
"1,3,4,5-Tetrahydroxycyclohexanecarboxylic acid",FABP1
"1,3,4,5-Tetrahydroxycyclohexanecarboxylic acid",SLC1A1
"1,3,4,5-Tetrahydroxycyclohexanecarboxylic acid",CA1
"1,3,4,5-Tetrahydroxycyclohexanecarboxylic acid",TRPM8
"1,3,4,5-Tetrahydroxycyclohexanecarboxylic acid",CA4
"1,3,4,5-Tetrahydroxycyclohexanecarboxylic acid",OPRM1
"1,3,4,5-Tetrahydroxycyclohexanecarboxylic acid",NR3C1
"1,3,4,5-Tetrahydroxycyclohexanecarboxylic acid",TOP2A
Glucuronolactone,PRKCA
Glucuronolactone,PRKCD
Glucuronolactone,ABCB1
Glucuronolactone,PRKCG
Glucuronolactone,PRKCE
Glucuronolactone,PRKCH
Glucuronolactone,PRKCQ
Glucuronolactone,CA2
Glucuronolactone,CA12
Glucuronolactone,TRPV4
Glucuronolactone,SIRT2
Glucuronolactone,PPM1B
Glucuronolactone,PPP1CC
Glucuronolactone,PPP5C
Glucuronolactone,PPP1CA
Glucuronolactone,PTAFR
Glucuronolactone,PYGB
Glucuronolactone,SLC2A1
Glucuronolactone,ADCY1
Glucuronolactone,PSEN2
Glucuronolactone,PSENEN
Glucuronolactone,NCSTN
Glucuronolactone,APH1A
Glucuronolactone,PSEN1
Glucuronolactone,APH1B
Glucuronolactone,HMGCR
Glucuronolactone,PYGL
Glucuronolactone,PYGM
Glucuronolactone,HSD11B1
Glucuronolactone,PPM1A
Glucuronolactone,OPRM1
Glucuronolactone,OPRK1
Glucuronolactone,FDFT1
Glucuronolactone,AKR1B1
Glucuronolactone,CDC25A
Glucuronolactone,VDR
Glucuronolactone,PTGS2
Glucuronolactone,GLRA1
Glucuronolactone,GLRA2
Glucuronolactone,FOLH1
Glucuronolactone,PREP
Glucuronolactone,ADA
Glucuronolactone,HTR2B
Glucuronolactone,ADRA2A
Glucuronolactone,ADRA2C
Glucuronolactone,ADRA2B
Glucuronolactone,DRD1
Glucuronolactone,DRD2
Glucuronolactone,ADRA1D
Glucuronolactone,HTR2A
Glucuronolactone,HTR2C
Glucuronolactone,DRD3
Glucuronolactone,CYP2D6
Glucuronolactone,HTR6
Glucuronolactone,ADRA1A
Glucuronolactone,HTR1B
Glucuronolactone,PAM
Glucuronolactone,PTGES
Glucuronolactone,TLR9
Glucuronolactone,CHRNA7
Glucuronolactone,POLB
Glucuronolactone,CDA
Glucuronolactone,CA1
Glucuronolactone,CA9
Glucuronolactone,UGT2B7
Glucuronolactone,MLNR
Glucuronolactone,KCNH2
Glucuronolactone,KDM5A
Glucuronolactone,JMJD1C
Glucuronolactone,P4HTM
Glucuronolactone,FUCA1
Glucuronolactone,CPT1A
Glucuronolactone,PRKCB
Glucuronolactone,HEXA
Glucuronolactone,HEXB
Glucuronolactone,OGA
Glucuronolactone,F2
Glucuronolactone,CYP19A1
Glucuronolactone,RORC
Glucuronolactone,LPAR6
Glucuronolactone,LPAR3
Glucuronolactone,LPAR2
Glucuronolactone,LPAR1
Glucuronolactone,LPAR5
Glucuronolactone,LPAR4
Glucuronolactone,PGD
Glucuronolactone,FAAH
Glucuronolactone,SLC6A3
Glucuronolactone,NOS2
Glucuronolactone,GRM3
Glucuronolactone,GRM2
Glucuronolactone,CASP3
Glucuronolactone,FGF1
Glucuronolactone,GPR55
Glucuronolactone,NR1H4
Glucuronolactone,SLC25A20
Glucuronolactone,EGLN1
Glucuronolactone,METAP2
Glucuronolactone,ALOX5
Glucuronolactone,CNR1
Glucuronolactone,CNR2
Glucuronolactone,DAGLA
Glucuronolactone,ABCB11
Glucuronolactone,SF3B3
Glucuronolactone,HSP90AA1
Methylsuccinic Acid,EGLN1
Methylsuccinic Acid,HDAC3
Methylsuccinic Acid,SLC22A6
Methylsuccinic Acid,FYN
Methylsuccinic Acid,LCK
Methylsuccinic Acid,DAO
Methylsuccinic Acid,KDM2A
Methylsuccinic Acid,PHF8
Methylsuccinic Acid,KDM5C
Methylsuccinic Acid,ACLY
Methylsuccinic Acid,FNTA
Methylsuccinic Acid,FNTB
Methylsuccinic Acid,SLC6A1
Methylsuccinic Acid,GABRA1
Methylsuccinic Acid,GABRB2
Methylsuccinic Acid,GABRG2
Methylsuccinic Acid,GABRA3
Methylsuccinic Acid,GABRB2
Methylsuccinic Acid,GABRG2
Methylsuccinic Acid,GABRA2
Methylsuccinic Acid,GABRB2
Methylsuccinic Acid,GABRG2
Methylsuccinic Acid,GABBR2
Methylsuccinic Acid,GABBR1
Methylsuccinic Acid,GABRR1
Methylsuccinic Acid,SLC6A11
Methylsuccinic Acid,SLC6A13
Methylsuccinic Acid,HAO1
Methylsuccinic Acid,FABP4
Methylsuccinic Acid,PPARA
Methylsuccinic Acid,FABP3
Methylsuccinic Acid,FABP5
Methylsuccinic Acid,PPARD
Methylsuccinic Acid,FFAR1
Methylsuccinic Acid,FABP2
Methylsuccinic Acid,HMGCR
Methylsuccinic Acid,HSD11B1
Methylsuccinic Acid,PTGER2
Methylsuccinic Acid,PTGFR
Methylsuccinic Acid,CHRNA7
Methylsuccinic Acid,FDFT1
Methylsuccinic Acid,P4HTM
Methylsuccinic Acid,AR
Methylsuccinic Acid,VDR
Methylsuccinic Acid,NPC1L1
Methylsuccinic Acid,NR1H4
Methylsuccinic Acid,CDC25A
Methylsuccinic Acid,GPBAR1
Methylsuccinic Acid,AKR1B10
Methylsuccinic Acid,POLB
Methylsuccinic Acid,HCAR2
Methylsuccinic Acid,CA1
Methylsuccinic Acid,CA9
Methylsuccinic Acid,RNPEP
Methylsuccinic Acid,UGT2B7
Methylsuccinic Acid,KDM4E
Methylsuccinic Acid,KDM6B
Methylsuccinic Acid,CYP19A1
Methylsuccinic Acid,SERPINA6
Methylsuccinic Acid,SHBG
Methylsuccinic Acid,HSD17B3
Methylsuccinic Acid,G6PD
Methylsuccinic Acid,GABBR1
Methylsuccinic Acid,ACE
Methylsuccinic Acid,FOLH1
D-Gluconic acid,CHRNA7
D-Gluconic acid,FDFT1
D-Gluconic acid,ACLY
D-Gluconic acid,PTGER2
D-Gluconic acid,PTGFR
D-Gluconic acid,NPC1L1
D-Gluconic acid,HMGCR
D-Gluconic acid,SLC22A6
D-Gluconic acid,FNTA
D-Gluconic acid,FNTB
D-Gluconic acid,FABP4
D-Gluconic acid,PPARA
D-Gluconic acid,FABP3
D-Gluconic acid,FABP5
D-Gluconic acid,PPARD
D-Gluconic acid,HAO1
D-Gluconic acid,UGT2B7
D-Gluconic acid,FFAR1
D-Gluconic acid,FABP2
D-Gluconic acid,KDM2A
D-Gluconic acid,PHF8
D-Gluconic acid,NR1H4
D-Gluconic acid,KDM5C
D-Gluconic acid,G6PD
D-Gluconic acid,GPBAR1
D-Gluconic acid,EGLN1
D-Gluconic acid,HSD11B1
D-Gluconic acid,CPT1A
D-Gluconic acid,AR
D-Gluconic acid,VDR
D-Gluconic acid,CYP19A1
D-Gluconic acid,CDC25A
D-Gluconic acid,AKR1B10
D-Gluconic acid,POLB
D-Gluconic acid,GRM3
D-Gluconic acid,GRM2
D-Gluconic acid,HSD11B2
D-Gluconic acid,SERPINA6
D-Gluconic acid,SHBG
D-Gluconic acid,HSD17B3
D-Gluconic acid,GABBR1
D-Gluconic acid,CA12
D-Gluconic acid,GRM8
D-Gluconic acid,FOLH1
D-Gluconic acid,PTGES
D-Gluconic acid,GABRA2
D-Gluconic acid,GABRB2
D-Gluconic acid,GABRG2
D-Gluconic acid,SLC1A1
D-Gluconic acid,GRM4
D-Gluconic acid,GRM6
D-Gluconic acid,PLG
D-Gluconic acid,PTPN1
D-Gluconic acid,GSTK1
D-Gluconic acid,LTA4H
D-Gluconic acid,FDPS
D-Gluconic acid,GRIK1
D-Gluconic acid,GRIK2
D-Gluconic acid,GRM1
D-Gluconic acid,SLC1A2
D-Gluconic acid,CDC45
D-Gluconic acid,PTPRC
D-Gluconic acid,ACE
D-Gluconic acid,PGD
D-Gluconic acid,CACNA2D1
D-Gluconic acid,NR1H3
D-Gluconic acid,PEPD
D-Gluconic acid,PRKCA
D-Gluconic acid,PREP
D-Gluconic acid,SAE1
D-Gluconic acid,UBA2
D-Gluconic acid,GRM5
D-Gluconic acid,GRIA1
D-Gluconic acid,ADORA3
D-Gluconic acid,GRIK5
D-Gluconic acid,GRIA4
D-Gluconic acid,GRIK3
D-Gluconic acid,GRM7
D-Gluconic acid,GRIA2
D-Gluconic acid,CA2
D-Gluconic acid,CA1
D-Gluconic acid,SIRT2
D-Gluconic acid,ENPEP
D-Gluconic acid,SLC13A5
D-Gluconic acid,IL1B
D-Gluconic acid,OPRK1
D-Gluconic acid,PPM1B
D-Gluconic acid,PPP1CC
D-Gluconic acid,HDAC3
D-Gluconic acid,FAAH
D-Gluconic acid,PPARG
D-Gluconic acid,TERT
D-Gluconic acid,SLC6A12
D-Gluconic acid,FABP1
D-Gluconic acid,RNPEP
D-Gluconic acid,CA9
D-Glucopyranuronic acid,VDR
D-Glucopyranuronic acid,PSEN2
D-Glucopyranuronic acid,PSENEN
D-Glucopyranuronic acid,NCSTN
D-Glucopyranuronic acid,APH1A
D-Glucopyranuronic acid,PSEN1
D-Glucopyranuronic acid,APH1B
D-Glucopyranuronic acid,HTR2B
D-Glucopyranuronic acid,ADRA2A
D-Glucopyranuronic acid,ADRA2C
D-Glucopyranuronic acid,ADRA2B
D-Glucopyranuronic acid,DRD1
D-Glucopyranuronic acid,DRD2
D-Glucopyranuronic acid,ADRA1D
D-Glucopyranuronic acid,HTR2A
D-Glucopyranuronic acid,HTR2C
D-Glucopyranuronic acid,DRD3
D-Glucopyranuronic acid,CYP2D6
D-Glucopyranuronic acid,HTR6
D-Glucopyranuronic acid,ADRA1A
D-Glucopyranuronic acid,HTR1B
D-Glucopyranuronic acid,RORC
D-Glucopyranuronic acid,PPM1A
D-Glucopyranuronic acid,GLRA1
D-Glucopyranuronic acid,GLRA2
D-Glucopyranuronic acid,OPRK1
D-Glucopyranuronic acid,PTAFR
D-Glucopyranuronic acid,FDFT1
D-Glucopyranuronic acid,HSD11B2
D-Glucopyranuronic acid,HSD11B1
D-Glucopyranuronic acid,FGF1
D-Glucopyranuronic acid,STAT3
D-Glucopyranuronic acid,OPRM1
D-Glucopyranuronic acid,HSP90AA1
D-Glucopyranuronic acid,TLR9
D-Glucopyranuronic acid,VEGFA
D-Glucopyranuronic acid,FGF2
D-Glucopyranuronic acid,HPSE
D-Glucopyranuronic acid,CYP19A1
D-Glucopyranuronic acid,ABCB1
D-Glucopyranuronic acid,PAM
D-Glucopyranuronic acid,PRKCD
D-Glucopyranuronic acid,MLNR
D-Glucopyranuronic acid,KCNH2
D-Glucopyranuronic acid,CDK1
D-Glucopyranuronic acid,PRKCA
D-Glucopyranuronic acid,HMGCR
D-Glucopyranuronic acid,BCL2L1
D-Glucopyranuronic acid,LGALS4
D-Glucopyranuronic acid,LGALS3
D-Glucopyranuronic acid,LGALS8
D-Glucopyranuronic acid,TRPV4
D-Glucopyranuronic acid,PTPN1
D-Glucopyranuronic acid,JUN
D-Glucopyranuronic acid,POLA1
D-Glucopyranuronic acid,CDC25A
D-Glucopyranuronic acid,NR3C1
D-Glucopyranuronic acid,MMP9
D-Glucopyranuronic acid,AR
D-Glucopyranuronic acid,SIRT2
D-Glucopyranuronic acid,PRKCG
D-Glucopyranuronic acid,PRKCB
D-Glucopyranuronic acid,PRKCE
D-Glucopyranuronic acid,PRKCH
D-Glucopyranuronic acid,PRKCQ
D-Glucopyranuronic acid,CPT1A
D-Glucopyranuronic acid,GBA
D-Glucopyranuronic acid,PPM1B
D-Glucopyranuronic acid,PPP1CC
D-Glucopyranuronic acid,METAP2
D-Glucopyranuronic acid,KDR
D-Glucopyranuronic acid,SLC2A1
D-Glucopyranuronic acid,ADCY1
D-Glucopyranuronic acid,ABCB11
D-Glucopyranuronic acid,CHRNA7
D-Glucopyranuronic acid,NPC1L1
D-Glucopyranuronic acid,UGT2B7
D-Glucopyranuronic acid,CDC25B
D-Glucopyranuronic acid,GLI1
D-Glucopyranuronic acid,MAG
D-Glucopyranuronic acid,PTPA
D-Glucopyranuronic acid,PPP5C
D-Glucopyranuronic acid,PPP1CA
D-Glucopyranuronic acid,F2
D-Glucopyranuronic acid,GRM3
D-Glucopyranuronic acid,GRM2
D-Glucopyranuronic acid,PPP2CA
D-Glucopyranuronic acid,PPP2R5A
D-Glucopyranuronic acid,CA2
D-Glucopyranuronic acid,CA1
D-Glucopyranuronic acid,CA12
D-Glucopyranuronic acid,CA9
DL-Aspartic acid,EGLN1
DL-Aspartic acid,SLC6A1
DL-Aspartic acid,GABRA1
DL-Aspartic acid,GABRB2
DL-Aspartic acid,GABRG2
DL-Aspartic acid,GABRA3
DL-Aspartic acid,GABRB2
DL-Aspartic acid,GABRG2
DL-Aspartic acid,GABRA2
DL-Aspartic acid,GABRB2
DL-Aspartic acid,GABRG2
DL-Aspartic acid,GABBR2
DL-Aspartic acid,GABBR1
DL-Aspartic acid,GABRR1
DL-Aspartic acid,SLC6A11
DL-Aspartic acid,SLC6A13
DL-Aspartic acid,GRIK1
DL-Aspartic acid,GRIA1
DL-Aspartic acid,ADORA3
DL-Aspartic acid,GRIK5
DL-Aspartic acid,GRM4
DL-Aspartic acid,GRM3
DL-Aspartic acid,GRIA4
DL-Aspartic acid,GRM5
DL-Aspartic acid,GRM8
DL-Aspartic acid,GRIK2
DL-Aspartic acid,GRIK3
DL-Aspartic acid,GRM1
DL-Aspartic acid,GRM7
DL-Aspartic acid,GRIA2
DL-Aspartic acid,GRM6
DL-Aspartic acid,GRM2
DL-Aspartic acid,HDAC3
DL-Aspartic acid,CPT2
DL-Aspartic acid,CACNA2D1
DL-Aspartic acid,PEPD
DL-Aspartic acid,KDM4E
DL-Aspartic acid,KDM2A
DL-Aspartic acid,KDM6B
DL-Aspartic acid,PHF8
DL-Aspartic acid,KDM5C
DL-Aspartic acid,LTA4H
DL-Aspartic acid,SLC1A1
DL-Aspartic acid,SLC1A2
DL-Aspartic acid,SLC6A12
DL-Aspartic acid,ACLY
DL-Aspartic acid,PLG
DL-Aspartic acid,FNTA
DL-Aspartic acid,FNTB
DL-Aspartic acid,CPA1
L-Asparagine,GABBR2
L-Asparagine,GABBR1
L-Asparagine,ABAT
L-Asparagine,SLC6A1
L-Asparagine,GABRA1
L-Asparagine,GABRB2
L-Asparagine,GABRG2
L-Asparagine,GABRA3
L-Asparagine,GABRB2
L-Asparagine,GABRG2
L-Asparagine,GABRA2
L-Asparagine,GABRB2
L-Asparagine,GABRG2
L-Asparagine,GABRR1
L-Asparagine,SLC6A11
L-Asparagine,SLC6A13
L-Asparagine,ADORA3
L-Asparagine,GRM4
L-Asparagine,GRM5
L-Asparagine,GRIK3
L-Asparagine,GRM1
L-Asparagine,GRM7
L-Asparagine,KDM4E
L-Asparagine,KDM2A
L-Asparagine,KDM6B
L-Asparagine,PHF8
L-Asparagine,KDM5C
L-Asparagine,GFPT1
L-Asparagine,GRIA1
L-Asparagine,GRIK5
L-Asparagine,GRIA4
L-Asparagine,GRIA2
L-Asparagine,GABBR1
L-Asparagine,ODC1
L-Asparagine,CPT2
L-Asparagine,KDM7A
L-Asparagine,GAA
L-Asparagine,GRM2
L-Asparagine,BBOX1
L-Asparagine,GRIK1
L-Asparagine,GRIK2
L-Asparagine,CACNA2D1
L-Asparagine,GRM3
L-Asparagine,PEPD
L-Asparagine,GRM6
L-Asparagine,FDPS
L-Asparagine,LTA4H
L-Asparagine,GRM8
L-Asparagine,GBA
L-Asparagine,SLC1A1
L-Asparagine,FBP1
L-Asparagine,SLC6A12
L-Asparagine,HDAC3
L-Asparagine,GLO1
L-Asparagine,FOLH1
L-Asparagine,EGLN1
L-Asparagine,PLG
L-Asparagine,DPP7
L-Asparagine,ENPEP
L-Asparagine,SLC1A2
L-Asparagine,ANPEP
D-Saccharic acid,CHRNA7
D-Saccharic acid,FDFT1
D-Saccharic acid,ACLY
D-Saccharic acid,PTGER2
D-Saccharic acid,PTGFR
D-Saccharic acid,NPC1L1
D-Saccharic acid,HMGCR
D-Saccharic acid,SLC22A6
D-Saccharic acid,FNTA
D-Saccharic acid,FNTB
D-Saccharic acid,FABP4
D-Saccharic acid,PPARA
D-Saccharic acid,FABP3
D-Saccharic acid,FABP5
D-Saccharic acid,PPARD
D-Saccharic acid,HAO1
D-Saccharic acid,UGT2B7
D-Saccharic acid,FFAR1
D-Saccharic acid,FABP2
D-Saccharic acid,KDM2A
D-Saccharic acid,PHF8
D-Saccharic acid,NR1H4
D-Saccharic acid,KDM5C
D-Saccharic acid,G6PD
D-Saccharic acid,GPBAR1
D-Saccharic acid,EGLN1
D-Saccharic acid,HSD11B1
D-Saccharic acid,CPT1A
D-Saccharic acid,AR
D-Saccharic acid,VDR
D-Saccharic acid,CYP19A1
D-Saccharic acid,CDC25A
D-Saccharic acid,AKR1B10
D-Saccharic acid,POLB
D-Saccharic acid,PGD
D-Saccharic acid,GRM3
D-Saccharic acid,GRM2
D-Saccharic acid,HSD11B2
D-Saccharic acid,SERPINA6
D-Saccharic acid,SHBG
D-Saccharic acid,HSD17B3
D-Saccharic acid,GABBR1
D-Saccharic acid,GRM8
D-Saccharic acid,FOLH1
D-Saccharic acid,PTGES
D-Saccharic acid,GABRA2
D-Saccharic acid,GABRB2
D-Saccharic acid,GABRG2
D-Saccharic acid,CA2
D-Saccharic acid,CA1
D-Saccharic acid,SLC1A1
D-Saccharic acid,GRM4
D-Saccharic acid,GRM6
D-Saccharic acid,PLG
D-Saccharic acid,PTPN1
D-Saccharic acid,GSTK1
D-Saccharic acid,LTA4H
D-Saccharic acid,GRIK1
D-Saccharic acid,GRIK2
D-Saccharic acid,GRM1
D-Saccharic acid,SLC1A2
D-Saccharic acid,CDC45
D-Saccharic acid,PTPRC
D-Saccharic acid,ACE
D-Saccharic acid,CACNA2D1
D-Saccharic acid,NR1H3
D-Saccharic acid,PEPD
D-Saccharic acid,PRKCA
D-Saccharic acid,PREP
D-Saccharic acid,SAE1
D-Saccharic acid,UBA2
D-Saccharic acid,GRM5
D-Saccharic acid,GRIA1
D-Saccharic acid,ADORA3
D-Saccharic acid,GRIK5
D-Saccharic acid,GRIA4
D-Saccharic acid,GRIK3
D-Saccharic acid,GRM7
D-Saccharic acid,GRIA2
D-Saccharic acid,SIRT2
D-Saccharic acid,ENPEP
D-Saccharic acid,SLC13A5
D-Saccharic acid,IL1B
D-Saccharic acid,OPRK1
D-Saccharic acid,PPM1B
D-Saccharic acid,PPP1CC
D-Saccharic acid,HDAC3
D-Saccharic acid,FAAH
D-Saccharic acid,PPARG
D-Saccharic acid,TERT
D-Saccharic acid,SLC6A12
D-Saccharic acid,FABP1
D-Saccharic acid,CA9
D-Saccharic acid,RNPEP
Hexaric acid,CHRNA7
Hexaric acid,FDFT1
Hexaric acid,ACLY
Hexaric acid,PTGER2
Hexaric acid,PTGFR
Hexaric acid,NPC1L1
Hexaric acid,HMGCR
Hexaric acid,SLC22A6
Hexaric acid,FNTA
Hexaric acid,FNTB
Hexaric acid,FABP4
Hexaric acid,PPARA
Hexaric acid,FABP3
Hexaric acid,FABP5
Hexaric acid,PPARD
Hexaric acid,HAO1
Hexaric acid,UGT2B7
Hexaric acid,FFAR1
Hexaric acid,FABP2
Hexaric acid,KDM2A
Hexaric acid,PHF8
Hexaric acid,NR1H4
Hexaric acid,KDM5C
Hexaric acid,G6PD
Hexaric acid,GPBAR1
Hexaric acid,EGLN1
Hexaric acid,HSD11B1
Hexaric acid,CPT1A
Hexaric acid,AR
Hexaric acid,VDR
Hexaric acid,CYP19A1
Hexaric acid,CDC25A
Hexaric acid,AKR1B10
Hexaric acid,POLB
Hexaric acid,PGD
Hexaric acid,GRM3
Hexaric acid,GRM2
Hexaric acid,HSD11B2
Hexaric acid,SERPINA6
Hexaric acid,SHBG
Hexaric acid,HSD17B3
Hexaric acid,GABBR1
Hexaric acid,GRM8
Hexaric acid,FOLH1
Hexaric acid,PTGES
Hexaric acid,GABRA2
Hexaric acid,GABRB2
Hexaric acid,GABRG2
Hexaric acid,CA2
Hexaric acid,CA1
Hexaric acid,SLC1A1
Hexaric acid,GRM4
Hexaric acid,GRM6
Hexaric acid,PLG
Hexaric acid,PTPN1
Hexaric acid,GSTK1
Hexaric acid,LTA4H
Hexaric acid,GRIK1
Hexaric acid,GRIK2
Hexaric acid,GRM1
Hexaric acid,SLC1A2
Hexaric acid,CDC45
Hexaric acid,PTPRC
Hexaric acid,ACE
Hexaric acid,CACNA2D1
Hexaric acid,NR1H3
Hexaric acid,PEPD
Hexaric acid,PRKCA
Hexaric acid,PREP
Hexaric acid,SAE1
Hexaric acid,UBA2
Hexaric acid,GRM5
Hexaric acid,GRIA1
Hexaric acid,ADORA3
Hexaric acid,GRIK5
Hexaric acid,GRIA4
Hexaric acid,GRIK3
Hexaric acid,GRM7
Hexaric acid,GRIA2
Hexaric acid,SIRT2
Hexaric acid,ENPEP
Hexaric acid,SLC13A5
Hexaric acid,IL1B
Hexaric acid,OPRK1
Hexaric acid,PPM1B
Hexaric acid,PPP1CC
Hexaric acid,HDAC3
Hexaric acid,FAAH
Hexaric acid,PPARG
Hexaric acid,TERT
Hexaric acid,SLC6A12
Hexaric acid,FABP1
Hexaric acid,CA9
Hexaric acid,RNPEP
Gallic acid,CA2
Gallic acid,CA7
Gallic acid,CA1
Gallic acid,CA3
Gallic acid,CA6
Gallic acid,CA12
Gallic acid,CA14
Gallic acid,CA9
Gallic acid,FUT7
Gallic acid,CA4
Gallic acid,CA5B
Gallic acid,CA5A
Gallic acid,CA13
Gallic acid,SQLE
Gallic acid,LDHA
Gallic acid,LDHB
Gallic acid,TTR
Gallic acid,IGF1R
Gallic acid,ALK
Gallic acid,SERPINE1
Gallic acid,ESR2
Gallic acid,BCL2L1
Gallic acid,GPR35
Gallic acid,COMT
Gallic acid,TPMT
Gallic acid,AKR1C3
Gallic acid,ALB
Gallic acid,TYR
Gallic acid,DAO
Gallic acid,AURKB
Gallic acid,SRC
Gallic acid,PTK2
Gallic acid,KDR
Gallic acid,MET
Gallic acid,NEK2
Gallic acid,AXL
Gallic acid,SRD5A2
Gallic acid,AKR1C2
Gallic acid,AKR1C1
Gallic acid,FYN
Gallic acid,LCK
Gallic acid,CNR2
Gallic acid,POLA1
Gallic acid,POLB
Gallic acid,ESR1
Gallic acid,ERN1
Gallic acid,PARP1
Gallic acid,MVD
Gallic acid,TUBB1
Gallic acid,FASN
Gallic acid,TYMS
Gallic acid,MCL1
Gallic acid,MAOB
Gallic acid,CDK2
Gallic acid,ELANE
Gallic acid,MAOA
Gallic acid,ADRA2A
Gallic acid,ADRA2C
Gallic acid,ADRA2B
Gallic acid,ADRB2
Gallic acid,ADRB1
Gallic acid,DRD2
Gallic acid,ADRA1A
Gallic acid,RARG
Gallic acid,RARB
Gallic acid,DYRK1A
Gallic acid,CLK1
Gallic acid,DYRK1B
Gallic acid,CRHR1
Gallic acid,DRD3
Gallic acid,PTPN1
Gallic acid,PTGS2
Gallic acid,ACHE
Gallic acid,PLA2G4B
Gallic acid,GRM2
Gallic acid,KDM4E
Gallic acid,EGFR
Gallic acid,KDM4A
Gallic acid,DPP4
Gallic acid,STS
Gallic acid,ALDH5A1
Gallic acid,ABAT
Gallic acid,CNR1
Gallic acid,KDM3A
Gallic acid,KDM6B
Gallic acid,FTO
Gallic acid,KDM4C
Gallic acid,BCL2
Gallic acid,ADRA1D
Gallic acid,OPRM1
Gallic acid,HSD17B1
Gallic acid,SLC29A1
Gallic acid,IDO1
Gallic acid,CYP19A1
Gallic acid,PTGS1
Gallic acid,RXRB
Gallic acid,RXRG
Gallic acid,RXRA
Gallic acid,FOLH1
Gallic acid,HTR3A
4-Aminobenzoic acid,CA2
4-Aminobenzoic acid,CA1
4-Aminobenzoic acid,DAO
4-Aminobenzoic acid,PLEC
4-Aminobenzoic acid,HCAR2
4-Aminobenzoic acid,PHLPP2
4-Aminobenzoic acid,AKR1C3
4-Aminobenzoic acid,AKR1C2
4-Aminobenzoic acid,CA12
4-Aminobenzoic acid,CA9
4-Aminobenzoic acid,CPA1
4-Aminobenzoic acid,CPA3
4-Aminobenzoic acid,CPB2
4-Aminobenzoic acid,DDO
4-Aminobenzoic acid,APEX1
4-Aminobenzoic acid,KDM4D
4-Aminobenzoic acid,FDPS
4-Aminobenzoic acid,P4HTM
4-Aminobenzoic acid,CA7
4-Aminobenzoic acid,CA6
4-Aminobenzoic acid,CA14
4-Aminobenzoic acid,CA5B
4-Aminobenzoic acid,CA5A
4-Aminobenzoic acid,ACHE
4-Aminobenzoic acid,CA13
4-Aminobenzoic acid,ALDH1A1
4-Aminobenzoic acid,CA3
4-Aminobenzoic acid,CA4
4-Aminobenzoic acid,TLR4
4-Aminobenzoic acid,GRIN1
4-Aminobenzoic acid,SLC6A3
4-Aminobenzoic acid,PARP1
4-Aminobenzoic acid,SLC16A1
4-Aminobenzoic acid,TDP2
4-Aminobenzoic acid,MPO
4-Aminobenzoic acid,KMO
4-Aminobenzoic acid,CAD
4-Aminobenzoic acid,EGLN3
4-Aminobenzoic acid,AKR1B1
4-Aminobenzoic acid,PIM1
4-Aminobenzoic acid,ERCC5
4-Aminobenzoic acid,FEN1
4-Aminobenzoic acid,PRSS1
4-Aminobenzoic acid,PLAU
4-Aminobenzoic acid,AKR1C1
4-Aminobenzoic acid,AKR1B10
4-Aminobenzoic acid,CAPN2
4-Aminobenzoic acid,CAPN1
4-Aminobenzoic acid,GPR35
4-Aminobenzoic acid,AKR1A1
4-Aminobenzoic acid,ALPL
4-Aminobenzoic acid,RNPEP
4-Aminobenzoic acid,PLG
4-Aminobenzoic acid,F2
4-Aminobenzoic acid,KLK1
4-Aminobenzoic acid,FABP4
4-Aminobenzoic acid,FABP3
4-Aminobenzoic acid,FUT7
4-Aminobenzoic acid,NOS1
4-Aminobenzoic acid,GPR17
4-Aminobenzoic acid,FBP1
4-Aminobenzoic acid,KDM5C
4-Aminobenzoic acid,KDM4B
4-Aminobenzoic acid,KDM5B
4-Aminobenzoic acid,ESR2
4-Aminobenzoic acid,CPN1
4-Aminobenzoic acid,LIG1
4-Aminobenzoic acid,PLAT
4-Aminobenzoic acid,KLKB1
4-Aminobenzoic acid,TPMT
4-Aminobenzoic acid,PTGDR2
4-Aminobenzoic acid,SCN5A
4-Aminobenzoic acid,HTR2A
4-Aminobenzoic acid,HTR2C
4-Aminobenzoic acid,SIGMAR1
4-Aminobenzoic acid,SCN2A
4-Aminobenzoic acid,SCN9A
4-Aminobenzoic acid,SCN3A
4-Aminobenzoic acid,SCN8A
4-Aminobenzoic acid,FUCA1
4-Aminobenzoic acid,RARG
4-Aminobenzoic acid,RARB
4-Aminobenzoic acid,IDO1
4-Aminobenzoic acid,ERN1
4-Aminobenzoic acid,PLA2G2D
4-Aminobenzoic acid,LDHA
4-Aminobenzoic acid,LDHB
4-Aminobenzoic acid,HSPA1A
4-Aminobenzoic acid,PIN1
4-Aminobenzoic acid,MAN2B1
4-Aminobenzoic acid,ESR1
4-Aminobenzoic acid,ATIC
4-Aminobenzoic acid,KDM2A
4-Aminobenzoic acid,PHF8
4-Aminobenzoic acid,TTR
4-Aminobenzoic acid,RHOA
4-Aminobenzoic acid,P4HA1
4-Aminobenzoic acid,SLC16A3
4-Aminobenzoic acid,EGLN1
4-Aminobenzoic acid,KDM7A
Heptose,CHRNA7
Heptose,FDFT1
Heptose,NPC1L1
Heptose,ACLY
Heptose,PTGER2
Heptose,PTGFR
Heptose,G6PD
Heptose,CYP19A1
Heptose,FNTA
Heptose,FNTB
Heptose,PYGM
Heptose,PYGB
Heptose,PYGL
Heptose,FABP4
Heptose,PPARA
Heptose,FABP3
Heptose,FABP5
Heptose,PPARD
Heptose,HAO1
Heptose,UGT2B7
Heptose,FFAR1
Heptose,FABP2
Heptose,KDM2A
Heptose,PHF8
Heptose,NR1H4
Heptose,KDM5C
Heptose,GPBAR1
Heptose,AR
Heptose,SERPINA6
Heptose,SHBG
Heptose,HMGCR
Heptose,HSD17B3
Heptose,HSD11B1
Heptose,GABBR1
Heptose,CA12
Heptose,CA9
Heptose,SLC22A6
Heptose,CPT1A
Heptose,MGAM
Heptose,GBA
Heptose,SI
Heptose,VDR
Heptose,GABRA2
Heptose,GABRB2
Heptose,GABRG2
Heptose,AKR1B10
Heptose,POLB
Heptose,HSD11B2
Heptose,EGLN1
Heptose,CASP3
Heptose,AHCY
Heptose,SCN9A
Heptose,NAALAD2
Heptose,PGD
Heptose,FUCA1
Heptose,GRM3
Heptose,GRM2
Heptose,GGH
Heptose,PTGES
Heptose,FGF2
Heptose,NR1H3
Heptose,ECE1
Heptose,NEU3
Heptose,CDA
Heptose,OGA
Heptose,NEU2
Heptose,NEU4
Heptose,CDC25B
Heptose,GRM8
Heptose,GRM4
Heptose,GRM6
Heptose,FOLH1
Heptose,ESR2
Heptose,TREH
Heptose,KMO
Heptose,CA2
Heptose,CA1
Heptose,PLG
Heptose,GSTK1
Heptose,LTA4H
Heptose,GRIK1
Heptose,GRIK2
Heptose,CDC45
Heptose,PTPRC
Heptose,SLC1A2
Heptose,CDC25A
Heptose,CACNA2D1
Heptose,SLC1A1
Heptose,PEPD
Heptose,PRKCA
Heptose,PREP
Heptose,GRM1
Heptose,SAE1
Heptose,UBA2
Heptose,GRM5
Heptose,POLA1
Heptose,SIRT2
Heptose,IL1B
Heptose,OPRK1
Heptose,PPM1B
Heptose,PPP1CC
Heptose,CES2
Heptose,SHH
Heptose,FAAH
Pyrogallol,FYN
Pyrogallol,EGFR
Pyrogallol,CA2
Pyrogallol,CA1
Pyrogallol,CA6
Pyrogallol,NQO2
Pyrogallol,CA12
Pyrogallol,CA5B
Pyrogallol,CA5A
Pyrogallol,PTPN22
Pyrogallol,CA4
Pyrogallol,CA9
Pyrogallol,CA3
Pyrogallol,IGF1R
Pyrogallol,AURKB
Pyrogallol,SRC
Pyrogallol,PTK2
Pyrogallol,KDR
Pyrogallol,MET
Pyrogallol,NEK2
Pyrogallol,ALK
Pyrogallol,AXL
Pyrogallol,MPI
Pyrogallol,LCK
Pyrogallol,IDO1
Pyrogallol,DAO
Pyrogallol,DBH
Pyrogallol,ACHE
Pyrogallol,TNNC1
Pyrogallol,TNNT2
Pyrogallol,TNNI3
Pyrogallol,BCL2L1
Pyrogallol,AOC3
Pyrogallol,XDH
Pyrogallol,NOS1
Pyrogallol,NOS2
Pyrogallol,GPR84
Pyrogallol,MAOB
Pyrogallol,COMT
Pyrogallol,TYR
Pyrogallol,SQLE
Pyrogallol,CCNE1
Pyrogallol,CDK2
Pyrogallol,PTK2B
Pyrogallol,AKR1B1
Pyrogallol,TTR
Pyrogallol,NQO1
Pyrogallol,CA7
Pyrogallol,CA14
L-(-)-Malic acid,EGLN1
L-(-)-Malic acid,ACLY
L-(-)-Malic acid,CHRNA7
L-(-)-Malic acid,FDFT1
L-(-)-Malic acid,HDAC3
L-(-)-Malic acid,AKR1B1
L-(-)-Malic acid,HMGCR
L-(-)-Malic acid,SLC1A1
L-(-)-Malic acid,SLC1A2
L-(-)-Malic acid,HAO1
L-(-)-Malic acid,KDM2A
L-(-)-Malic acid,PHF8
L-(-)-Malic acid,KDM5C
L-(-)-Malic acid,PTGER2
L-(-)-Malic acid,PTGFR
L-(-)-Malic acid,FNTA
L-(-)-Malic acid,FNTB
L-(-)-Malic acid,NPC1L1
L-(-)-Malic acid,UGT2B7
L-(-)-Malic acid,SLC6A1
L-(-)-Malic acid,GABRA1
L-(-)-Malic acid,GABRB2
L-(-)-Malic acid,GABRG2
L-(-)-Malic acid,GABRA3
L-(-)-Malic acid,GABRB2
L-(-)-Malic acid,GABRG2
L-(-)-Malic acid,GABRA2
L-(-)-Malic acid,GABRB2
L-(-)-Malic acid,GABRG2
L-(-)-Malic acid,GABBR2
L-(-)-Malic acid,GABBR1
L-(-)-Malic acid,GABRR1
L-(-)-Malic acid,SLC6A11
L-(-)-Malic acid,SLC22A6
L-(-)-Malic acid,SLC6A13
L-(-)-Malic acid,CPT1A
L-(-)-Malic acid,G6PD
L-(-)-Malic acid,FABP4
L-(-)-Malic acid,PPARA
L-(-)-Malic acid,FABP3
L-(-)-Malic acid,FABP5
L-(-)-Malic acid,PPARD
L-(-)-Malic acid,FFAR1
L-(-)-Malic acid,FABP2
Proline,EGLN1
Proline,ACLY
Proline,CHRNA7
Proline,FDFT1
Proline,HDAC3
Proline,AKR1B1
Proline,HMGCR
Proline,SLC1A1
Proline,SLC1A2
Proline,HAO1
Proline,KDM2A
Proline,PHF8
Proline,KDM5C
Proline,PTGER2
Proline,PTGFR
Proline,FNTA
Proline,FNTB
Proline,NPC1L1
Proline,UGT2B7
Proline,SLC6A1
Proline,GABRA1
Proline,GABRB2
Proline,GABRG2
Proline,GABRA3
Proline,GABRB2
Proline,GABRG2
Proline,GABRA2
Proline,GABRB2
Proline,GABRG2
Proline,GABBR2
Proline,GABBR1
Proline,GABRR1
Proline,SLC6A11
Proline,SLC22A6
Proline,SLC6A13
Proline,CPT1A
Proline,G6PD
Proline,FABP4
Proline,PPARA
Proline,FABP3
Proline,FABP5
Proline,PPARD
Proline,FFAR1
Proline,FABP2
alpha-aminoadipic acid,GRM2
alpha-aminoadipic acid,SLC1A2
alpha-aminoadipic acid,GRIK1
alpha-aminoadipic acid,GRIK2
alpha-aminoadipic acid,GRM3
alpha-aminoadipic acid,GRM6
alpha-aminoadipic acid,GRM1
alpha-aminoadipic acid,GRM8
alpha-aminoadipic acid,GRM5
alpha-aminoadipic acid,CACNA2D1
alpha-aminoadipic acid,LTA4H
alpha-aminoadipic acid,PEPD
alpha-aminoadipic acid,ENPEP
alpha-aminoadipic acid,PLG
alpha-aminoadipic acid,SLC6A12
alpha-aminoadipic acid,GRM4
alpha-aminoadipic acid,SHBG
alpha-aminoadipic acid,AR
alpha-aminoadipic acid,SLC7A11
alpha-aminoadipic acid,ODC1
alpha-aminoadipic acid,SLC22A6
alpha-aminoadipic acid,GRIA1
alpha-aminoadipic acid,ADORA3
alpha-aminoadipic acid,GRIK5
alpha-aminoadipic acid,SLC1A1
alpha-aminoadipic acid,GRIA4
alpha-aminoadipic acid,GRIK3
alpha-aminoadipic acid,GRM7
alpha-aminoadipic acid,GRIA2
alpha-aminoadipic acid,FABP4
alpha-aminoadipic acid,PPARA
alpha-aminoadipic acid,FABP3
alpha-aminoadipic acid,FABP5
alpha-aminoadipic acid,PPARD
alpha-aminoadipic acid,FFAR1
alpha-aminoadipic acid,FABP2
alpha-aminoadipic acid,KISS1R
alpha-aminoadipic acid,CDC45
alpha-aminoadipic acid,PTPRC
alpha-aminoadipic acid,CDC25A
alpha-aminoadipic acid,FOLH1
alpha-aminoadipic acid,RNPEP
alpha-aminoadipic acid,HSD11B1
alpha-aminoadipic acid,NR1H4
alpha-aminoadipic acid,CPB2
alpha-aminoadipic acid,ANPEP
alpha-aminoadipic acid,VDR
alpha-aminoadipic acid,GPBAR1
alpha-aminoadipic acid,AKR1B10
alpha-aminoadipic acid,POLB
alpha-aminoadipic acid,HSD11B2
alpha-aminoadipic acid,SPHK1
alpha-aminoadipic acid,KDM2A
alpha-aminoadipic acid,PHF8
alpha-aminoadipic acid,KDM5C
alpha-aminoadipic acid,UGT2B7
alpha-aminoadipic acid,SLC1A3
alpha-aminoadipic acid,PYGM
alpha-aminoadipic acid,NOS1
alpha-aminoadipic acid,NOS2
alpha-aminoadipic acid,NOS3
alpha-aminoadipic acid,CYP19A1
alpha-aminoadipic acid,SERPINA6
alpha-aminoadipic acid,HSD17B3
alpha-aminoadipic acid,G6PD
alpha-aminoadipic acid,GLO1
alpha-aminoadipic acid,PTGER2
alpha-aminoadipic acid,PTGFR
alpha-aminoadipic acid,FNTA
alpha-aminoadipic acid,FNTB
alpha-aminoadipic acid,GRB2
alpha-aminoadipic acid,SLC6A1
alpha-aminoadipic acid,GABRA1
alpha-aminoadipic acid,GABRB2
alpha-aminoadipic acid,GABRG2
alpha-aminoadipic acid,PAOX
alpha-aminoadipic acid,GABRA3
alpha-aminoadipic acid,GABRB2
alpha-aminoadipic acid,GABRG2
alpha-aminoadipic acid,GABRA2
alpha-aminoadipic acid,GABRB2
alpha-aminoadipic acid,GABRG2
alpha-aminoadipic acid,GABRR1
alpha-aminoadipic acid,SLC6A11
alpha-aminoadipic acid,SLC6A13
alpha-aminoadipic acid,NPC1L1
alpha-aminoadipic acid,SRD5A2
alpha-aminoadipic acid,HAO1
alpha-aminoadipic acid,CHRNA4
alpha-aminoadipic acid,CHRNB2
alpha-aminoadipic acid,CHRNA3
alpha-aminoadipic acid,CHRNB4
alpha-aminoadipic acid,BBOX1
alpha-aminoadipic acid,CA2
alpha-aminoadipic acid,CA1
alpha-aminoadipic acid,MME
alpha-aminoadipic acid,PTPN2
alpha-aminoadipic acid,TBXAS1
alpha-aminoadipic acid,ITGA2B
alpha-aminoadipic acid,ITGB3
alpha-aminoadipic acid,LAP3
alpha-aminoadipic acid,GAA
alpha-aminoadipic acid,FUCA1
alpha-aminoadipic acid,GSTK1
alpha-aminoadipic acid,CHRNA7
alpha-aminoadipic acid,CDC25C
alpha-aminoadipic acid,NR3C1
alpha-aminoadipic acid,CPN1
alpha-aminoadipic acid,SLC6A3
alpha-aminoadipic acid,FKBP1A
L-(+)-Aspartic acid,EGLN1
L-(+)-Aspartic acid,SLC6A1
L-(+)-Aspartic acid,GABRA1
L-(+)-Aspartic acid,GABRB2
L-(+)-Aspartic acid,GABRG2
L-(+)-Aspartic acid,GABRA3
L-(+)-Aspartic acid,GABRB2
L-(+)-Aspartic acid,GABRG2
L-(+)-Aspartic acid,GABRA2
L-(+)-Aspartic acid,GABRB2
L-(+)-Aspartic acid,GABRG2
L-(+)-Aspartic acid,GABBR2
L-(+)-Aspartic acid,GABBR1
L-(+)-Aspartic acid,GABRR1
L-(+)-Aspartic acid,SLC6A11
L-(+)-Aspartic acid,SLC6A13
L-(+)-Aspartic acid,GRIK1
L-(+)-Aspartic acid,GRIA1
L-(+)-Aspartic acid,ADORA3
L-(+)-Aspartic acid,GRIK5
L-(+)-Aspartic acid,GRM4
L-(+)-Aspartic acid,GRM3
L-(+)-Aspartic acid,GRIA4
L-(+)-Aspartic acid,GRM5
L-(+)-Aspartic acid,GRM8
L-(+)-Aspartic acid,GRIK2
L-(+)-Aspartic acid,GRIK3
L-(+)-Aspartic acid,GRM1
L-(+)-Aspartic acid,GRM7
L-(+)-Aspartic acid,GRIA2
L-(+)-Aspartic acid,GRM6
L-(+)-Aspartic acid,GRM2
L-(+)-Aspartic acid,HDAC3
L-(+)-Aspartic acid,CPT2
L-(+)-Aspartic acid,CACNA2D1
L-(+)-Aspartic acid,PEPD
L-(+)-Aspartic acid,KDM4E
L-(+)-Aspartic acid,KDM2A
L-(+)-Aspartic acid,KDM6B
L-(+)-Aspartic acid,PHF8
L-(+)-Aspartic acid,KDM5C
L-(+)-Aspartic acid,LTA4H
L-(+)-Aspartic acid,SLC1A1
L-(+)-Aspartic acid,SLC1A2
L-(+)-Aspartic acid,SLC6A12
L-(+)-Aspartic acid,ACLY
L-(+)-Aspartic acid,PLG
L-(+)-Aspartic acid,FNTA
L-(+)-Aspartic acid,FNTB
L-(+)-Aspartic acid,CPA1
Protocatechuic aldehyde,CA6
Protocatechuic aldehyde,CA4
Protocatechuic aldehyde,CA3
Protocatechuic aldehyde,FUT7
Protocatechuic aldehyde,CA5B
Protocatechuic aldehyde,CA5A
Protocatechuic aldehyde,CA2
Protocatechuic aldehyde,TYR
Protocatechuic aldehyde,CA7
Protocatechuic aldehyde,CA1
Protocatechuic aldehyde,CA12
Protocatechuic aldehyde,CA14
Protocatechuic aldehyde,CA9
Protocatechuic aldehyde,ERN1
Protocatechuic aldehyde,COMT
Protocatechuic aldehyde,CDC25B
Protocatechuic aldehyde,DUSP1
Protocatechuic aldehyde,DYRK1A
Protocatechuic aldehyde,CLK1
Protocatechuic aldehyde,DYRK1B
Protocatechuic aldehyde,TTR
Protocatechuic aldehyde,EGFR
Protocatechuic aldehyde,ALB
Protocatechuic aldehyde,HDAC1
Protocatechuic aldehyde,LDHA
Protocatechuic aldehyde,LDHB
Protocatechuic aldehyde,ALDH5A1
Protocatechuic aldehyde,ABAT
Protocatechuic aldehyde,FASN
Protocatechuic aldehyde,STS
Protocatechuic aldehyde,PARP1
Protocatechuic aldehyde,IDO1
Protocatechuic aldehyde,KDM4E
Protocatechuic aldehyde,CA13
Protocatechuic aldehyde,ESR2
Protocatechuic aldehyde,MCL1
Protocatechuic aldehyde,BCL2
Protocatechuic aldehyde,HDAC6
Protocatechuic aldehyde,HDAC2
Protocatechuic aldehyde,MB
Protocatechuic aldehyde,ESR1
Protocatechuic aldehyde,IGF1R
Protocatechuic aldehyde,ALK
Protocatechuic aldehyde,PTPRC
Protocatechuic aldehyde,HSD17B1
Protocatechuic aldehyde,BCL2L1
Protocatechuic aldehyde,ALOX15
Protocatechuic aldehyde,ALPG
Protocatechuic aldehyde,PLAA
Protocatechuic aldehyde,AKR1C3
Protocatechuic aldehyde,PSMB5
Protocatechuic aldehyde,GPR35
Protocatechuic aldehyde,DBH
Protocatechuic aldehyde,HCAR2
Protocatechuic aldehyde,SRD5A2
Protocatechuic aldehyde,HSD17B2
Protocatechuic aldehyde,SERPINE1
Protocatechuic aldehyde,KCNA1
Protocatechuic aldehyde,KCNA4
Protocatechuic aldehyde,NAT1
Protocatechuic aldehyde,GSK3B
Protocatechuic aldehyde,HSD17B3
Protocatechuic aldehyde,CRHR1
Protocatechuic aldehyde,DRD3
Protocatechuic aldehyde,TPMT
Protocatechuic aldehyde,HDAC3
Protocatechuic aldehyde,AR
Protocatechuic aldehyde,PTGS1
Protocatechuic aldehyde,TRPA1
Protocatechuic aldehyde,MTNR1A
Protocatechuic aldehyde,ACHE
Protocatechuic aldehyde,PIK3CD
Protocatechuic aldehyde,PRKDC
Protocatechuic aldehyde,PIK3CG
Protocatechuic aldehyde,PTPN22
Protocatechuic aldehyde,HTR2B
Protocatechuic aldehyde,DRD5
Protocatechuic aldehyde,MTNR1B
Protocatechuic aldehyde,MAOA
Protocatechuic aldehyde,DRD1
Protocatechuic aldehyde,DRD2
Protocatechuic aldehyde,DRD4
Protocatechuic aldehyde,SLC6A2
Protocatechuic aldehyde,SLC6A3
Protocatechuic aldehyde,AKR1C2
Protocatechuic aldehyde,AKR1C1
Protocatechuic aldehyde,F2
Protocatechuic aldehyde,AOC3
Protocatechuic aldehyde,TDP1
Protocatechuic aldehyde,PIK3CA
Protocatechuic aldehyde,MPO
Protocatechuic aldehyde,CNR1
Protocatechuic aldehyde,CNR2
Protocatechuic aldehyde,BCHE
Protocatechuic aldehyde,CHRNA7
Protocatechuic aldehyde,EP300
Protocatechuic aldehyde,GAA
Protocatechuic aldehyde,NQO2
Protocatechuic aldehyde,ADORA1
Protocatechuic aldehyde,CTSV
N-Acetyl-L-glutamic acid,REN
N-Acetyl-L-glutamic acid,FOLH1
N-Acetyl-L-glutamic acid,ITGA2B
N-Acetyl-L-glutamic acid,ITGB3
N-Acetyl-L-glutamic acid,ACE
N-Acetyl-L-glutamic acid,EPHX2
N-Acetyl-L-glutamic acid,NAALAD2
N-Acetyl-L-glutamic acid,PLA2G4A
N-Acetyl-L-glutamic acid,PTGS2
N-Acetyl-L-glutamic acid,PLA2G2A
N-Acetyl-L-glutamic acid,PLA2G5
N-Acetyl-L-glutamic acid,SLC1A2
N-Acetyl-L-glutamic acid,DAO
N-Acetyl-L-glutamic acid,NR1H4
N-Acetyl-L-glutamic acid,HLA-A
N-Acetyl-L-glutamic acid,MME
N-Acetyl-L-glutamic acid,KDM4E
N-Acetyl-L-glutamic acid,KDM2A
N-Acetyl-L-glutamic acid,PHF8
N-Acetyl-L-glutamic acid,KDM5C
N-Acetyl-L-glutamic acid,PLA2G2C
N-Acetyl-L-glutamic acid,PLA2G10
N-Acetyl-L-glutamic acid,DLG4
N-Acetyl-L-glutamic acid,DPP4
N-Acetyl-L-glutamic acid,GNPAT
N-Acetyl-L-glutamic acid,PTGER4
N-Acetyl-L-glutamic acid,PTGER2
N-Acetyl-L-glutamic acid,PTGER3
N-Acetyl-L-glutamic acid,F2
N-Acetyl-L-glutamic acid,LTA4H
N-Acetyl-L-glutamic acid,TLR4
N-Acetyl-L-glutamic acid,GRM3
N-Acetyl-L-glutamic acid,GRM8
N-Acetyl-L-glutamic acid,GRM6
N-Acetyl-L-glutamic acid,GRM2
N-Acetyl-L-glutamic acid,XIAP
N-Acetyl-L-glutamic acid,CPA1
N-Acetyl-L-glutamic acid,PYGB
N-Acetyl-L-glutamic acid,CDA
N-Acetyl-L-glutamic acid,HCAR2
N-Acetyl-L-glutamic acid,CASP3
N-Acetyl-L-glutamic acid,RNPEP
N-Acetyl-L-glutamic acid,P4HTM
N-Acetyl-L-glutamic acid,KMO
N-Acetyl-L-glutamic acid,PGC
N-Acetyl-L-glutamic acid,CAPN1
N-Acetyl-L-glutamic acid,CTSB
N-Acetyl-L-glutamic acid,KDM5A
N-Acetyl-L-glutamic acid,JMJD1C
N-Acetyl-L-glutamic acid,PTGES
N-Acetyl-L-glutamic acid,SLC5A1
N-Acetyl-L-glutamic acid,BACE1
N-Acetyl-L-glutamic acid,PRKCA
N-Acetyl-L-glutamic acid,HSD17B3
N-Acetyl-L-glutamic acid,PIN1
N-Acetyl-L-glutamic acid,LIG1
N-Acetyl-L-glutamic acid,PTPN1
N-Acetyl-L-glutamic acid,PTPN2
N-Acetyl-L-glutamic acid,CTSD
N-Acetyl-L-glutamic acid,BBOX1
N-Acetyl-L-glutamic acid,ADA
N-Acetyl-L-glutamic acid,MMP3
N-Acetyl-L-glutamic acid,MMP1
N-Acetyl-L-glutamic acid,PDF
N-Acetyl-L-glutamic acid,FBP1
N-Acetyl-L-glutamic acid,GLO1
N-Acetyl-L-glutamic acid,CTSE
N-Acetyl-L-glutamic acid,PGA5
N-Acetyl-L-glutamic acid,PRKCE
N-Acetyl-L-glutamic acid,CTSL
N-Acetyl-L-glutamic acid,ADAM9
N-Acetyl-L-glutamic acid,HSD11B1
N-Acetyl-L-glutamic acid,HEXA
N-Acetyl-L-glutamic acid,HEXB
N-Acetyl-L-glutamic acid,DDO
N-Acetyl-L-glutamic acid,OGA
N-Acetyl-L-glutamic acid,ACE2
N-Acetyl-L-glutamic acid,GRIK1
N-Acetyl-L-glutamic acid,GRIA1
N-Acetyl-L-glutamic acid,ADORA3
N-Acetyl-L-glutamic acid,GRIK5
N-Acetyl-L-glutamic acid,GRIA4
N-Acetyl-L-glutamic acid,GRIK2
N-Acetyl-L-glutamic acid,GRIK3
N-Acetyl-L-glutamic acid,MGAM
N-Acetyl-L-glutamic acid,SI
N-Acetyl-L-glutamic acid,FKBP1A
N-Acetyl-L-glutamic acid,CASP1
N-Acetyl-L-glutamic acid,DNPEP
N-Acetyl-L-glutamic acid,PYGL
N-Acetyl-L-glutamic acid,EGLN3
N-Acetyl-L-glutamic acid,FOS
N-Acetyl-L-glutamic acid,JUN
N-Acetyl-L-glutamic acid,SLC1A1
N-Acetyl-L-glutamic acid,GRM4
N-Acetyl-L-glutamic acid,GRM5
N-Acetyl-L-glutamic acid,GRM1
N-Acetyl-L-glutamic acid,GRM7
N-Acetyl-L-glutamic acid,GRIA2
N-Acetyl-L-glutamic acid,MAOA
N-Acetyl-L-glutamic acid,MAOB
N-Acetyl-L-glutamic acid,CASP2
Geraniin,SQLE
Geraniin,TOP1
Geraniin,ABCB1
Geraniin,ITGAV
Geraniin,ITGB3
Geraniin,ITGAV
Geraniin,ITGB6
Geraniin,SLC10A2
Geraniin,PRKCG
Geraniin,PRKCD
Geraniin,PRKCA
Geraniin,PRKCB
Geraniin,PRKCZ
Geraniin,PRKCE
Geraniin,PRKCH
Geraniin,PRKACA
Geraniin,OPRM1
Geraniin,ITGA2B
Geraniin,ITGB3
Geraniin,ITGB1
Geraniin,ITGA5
Geraniin,PLA2G2A
Geraniin,CA2
Geraniin,CA1
Geraniin,CA9
Geraniin,GABBR2
Geraniin,GABBR1
Geraniin,BAD
Geraniin,PTPN1
Geraniin,GRK7
Geraniin,GRK3
Geraniin,GRK2
Geraniin,GRK1
Geraniin,GRK5
Geraniin,GRK4
Geraniin,GRK6
Geraniin,TERT
Geraniin,BACE1
Geraniin,AKT1
Geraniin,CALM1
Geraniin,IKBKB
Geraniin,TXN
Geraniin,TXN2
Geraniin,MCL1
Geraniin,OPRD1
Geraniin,OPRK1
Geraniin,F10
Geraniin,MAP3K7
Geraniin,IMPDH2
Geraniin,CNR1
Geraniin,CNR2
Geraniin,TRPV1
Geraniin,IDO1
Geraniin,EIF4A1
Geraniin,TOP2A
Geraniin,ERBB2
Geraniin,FYN
Geraniin,CHRM1
Geraniin,MMP2
Geraniin,AURKA
Geraniin,OPRL1
Geraniin,PTPN2
Geraniin,VCP
Geraniin,TNNC1
Geraniin,TNNT2
Geraniin,TNNI3
Amino-levulinic acid,SLC6A12
Amino-levulinic acid,PEPD
Amino-levulinic acid,ABAT
Amino-levulinic acid,LTA4H
Amino-levulinic acid,GRM8
Amino-levulinic acid,SLC6A1
Amino-levulinic acid,GABRA1
Amino-levulinic acid,GABRB2
Amino-levulinic acid,GABRG2
Amino-levulinic acid,GABRA3
Amino-levulinic acid,GABRB2
Amino-levulinic acid,GABRG2
Amino-levulinic acid,GABRA2
Amino-levulinic acid,GABRB2
Amino-levulinic acid,GABRG2
Amino-levulinic acid,GABBR2
Amino-levulinic acid,GABBR1
Amino-levulinic acid,GABRR1
Amino-levulinic acid,SLC6A11
Amino-levulinic acid,SLC6A13
Amino-levulinic acid,GRM1
Amino-levulinic acid,SLC1A2
Amino-levulinic acid,GRM4
Amino-levulinic acid,GRM2
Amino-levulinic acid,CPB2
Amino-levulinic acid,PLG
Amino-levulinic acid,GRIK1
Amino-levulinic acid,SLC1A1
Amino-levulinic acid,GRM5
Amino-levulinic acid,GRIK2
Amino-levulinic acid,GRIK3
Amino-levulinic acid,GRM7
Amino-levulinic acid,GRM6
Amino-levulinic acid,CACNA2D1
Amino-levulinic acid,ODC1
Amino-levulinic acid,SHBG
Amino-levulinic acid,GRM3
Amino-levulinic acid,CA12
Amino-levulinic acid,KISS1R
Amino-levulinic acid,AR
Amino-levulinic acid,BBOX1
Amino-levulinic acid,ENPEP
Amino-levulinic acid,MMP2
Amino-levulinic acid,KDM2A
Amino-levulinic acid,PHF8
Amino-levulinic acid,KDM5C
Amino-levulinic acid,LAP3
Amino-levulinic acid,FOLH1
Amino-levulinic acid,SLC22A6
Amino-levulinic acid,FBP1
Amino-levulinic acid,NOS1
Amino-levulinic acid,NOS2
Amino-levulinic acid,NOS3
Amino-levulinic acid,GFPT1
Amino-levulinic acid,HAO1
Amino-levulinic acid,CDC45
Amino-levulinic acid,PTPRC
Amino-levulinic acid,CDC25A
Amino-levulinic acid,RNPEP
Amino-levulinic acid,FABP4
Amino-levulinic acid,PPARA
Amino-levulinic acid,FABP3
Amino-levulinic acid,FABP5
Amino-levulinic acid,PPARD
Amino-levulinic acid,FFAR1
Amino-levulinic acid,FABP2
Amino-levulinic acid,ACLY
Amino-levulinic acid,HSD11B1
Amino-levulinic acid,CPN1
Amino-levulinic acid,EGLN1
Amino-levulinic acid,KDM4E
Amino-levulinic acid,KDM6B
Amino-levulinic acid,NR1H4
Amino-levulinic acid,FNTA
Amino-levulinic acid,FNTB
Amino-levulinic acid,HMGCR
Amino-levulinic acid,TDP1
Amino-levulinic acid,ITGA2B
Amino-levulinic acid,ITGB3
Amino-levulinic acid,GRIA1
Amino-levulinic acid,GRIK5
Amino-levulinic acid,GRIA4
Amino-levulinic acid,GRIA2
Amino-levulinic acid,CPA1
Amino-levulinic acid,ANPEP
Amino-levulinic acid,HSD11B2
Amino-levulinic acid,VDR
Amino-levulinic acid,NPC1L1
Amino-levulinic acid,GPBAR1
Amino-levulinic acid,AKR1B10
Amino-levulinic acid,POLB
Amino-levulinic acid,PAOX
Amino-levulinic acid,HDAC3
Amino-levulinic acid,DPP4
Amino-levulinic acid,BCHE
Amino-levulinic acid,ADORA3
Amino-levulinic acid,REN
Amino-levulinic acid,UGT2B7
Amino-levulinic acid,CHRNA4
Amino-levulinic acid,CHRNB2
Amino-levulinic acid,CHRNA3
Amino-levulinic acid,CHRNB4
Amino-levulinic acid,SPHK1
Amino-levulinic acid,SRD5A2
Amino-levulinic acid,SLC15A1
Amino-levulinic acid,FDFT1
Amino-levulinic acid,MME
Amino-levulinic acid,CHRNA7
Amino-levulinic acid,ACE
Amino-levulinic acid,PTGER2
Amino-levulinic acid,PTGFR
"1,2,3,4,6-Pentagalloyl glucose",F10
"1,2,3,4,6-Pentagalloyl glucose",AMY1A
"1,2,3,4,6-Pentagalloyl glucose",BACE1
"1,2,3,4,6-Pentagalloyl glucose",SQLE
"1,2,3,4,6-Pentagalloyl glucose",SERPINE1
"1,2,3,4,6-Pentagalloyl glucose",PTPN1
"1,2,3,4,6-Pentagalloyl glucose",PTPN2
"1,2,3,4,6-Pentagalloyl glucose",AKR1B1
"1,2,3,4,6-Pentagalloyl glucose",HSP90AA1
"1,2,3,4,6-Pentagalloyl glucose",LGALS3
"1,2,3,4,6-Pentagalloyl glucose",LGALS9
"1,2,3,4,6-Pentagalloyl glucose",TDP1
"1,2,3,4,6-Pentagalloyl glucose",VCP
"1,2,3,4,6-Pentagalloyl glucose",TNNC1
"1,2,3,4,6-Pentagalloyl glucose",TNNT2
"1,2,3,4,6-Pentagalloyl glucose",TNNI3
"1,2,3,4,6-Pentagalloyl glucose",VEGFA
"1,2,3,4,6-Pentagalloyl glucose",FGF1
"1,2,3,4,6-Pentagalloyl glucose",FGF2
"1,2,3,4,6-Pentagalloyl glucose",HPSE
"1,2,3,4,6-Pentagalloyl glucose",SLC6A2
"1,2,3,4,6-Pentagalloyl glucose",PTAFR
"1,2,3,4,6-Pentagalloyl glucose",SELP
"1,2,3,4,6-Pentagalloyl glucose",SSTR5
"1,2,3,4,6-Pentagalloyl glucose",SSTR2
"1,2,3,4,6-Pentagalloyl glucose",SSTR4
"1,2,3,4,6-Pentagalloyl glucose",SSTR1
"1,2,3,4,6-Pentagalloyl glucose",SSTR3
"1,2,3,4,6-Pentagalloyl glucose",TP53
"1,2,3,4,6-Pentagalloyl glucose",ITGA3
"1,2,3,4,6-Pentagalloyl glucose",ADORA2A
"1,2,3,4,6-Pentagalloyl glucose",ADORA3
"1,2,3,4,6-Pentagalloyl glucose",ACHE
"1,2,3,4,6-Pentagalloyl glucose",CA4
"1,2,3,4,6-Pentagalloyl glucose",PRKCG
"1,2,3,4,6-Pentagalloyl glucose",PRKCQ
"1,2,3,4,6-Pentagalloyl glucose",FDFT1
"1,2,3,4,6-Pentagalloyl glucose",BCL2L1
"1,2,3,4,6-Pentagalloyl glucose",SLC5A2
"1,2,3,4,6-Pentagalloyl glucose",BCL2A1
"1,2,3,4,6-Pentagalloyl glucose",SLC5A1
"1,2,3,4,6-Pentagalloyl glucose",BCHE
"1,2,3,4,6-Pentagalloyl glucose",TYR
"1,2,3,4,6-Pentagalloyl glucose",EPHX2
"1,2,3,4,6-Pentagalloyl glucose",ABCB1
"1,2,3,4,6-Pentagalloyl glucose",MMP2
"1,2,3,4,6-Pentagalloyl glucose",MMP12
"1,2,3,4,6-Pentagalloyl glucose",SHBG
"1,2,3,4,6-Pentagalloyl glucose",PSEN2
"1,2,3,4,6-Pentagalloyl glucose",PSENEN
"1,2,3,4,6-Pentagalloyl glucose",NCSTN
"1,2,3,4,6-Pentagalloyl glucose",APH1A
"1,2,3,4,6-Pentagalloyl glucose",PSEN1
"1,2,3,4,6-Pentagalloyl glucose",APH1B
"1,2,3,4,6-Pentagalloyl glucose",PDE4D
"1,2,3,4,6-Pentagalloyl glucose",CYP19A1
"1,2,3,4,6-Pentagalloyl glucose",SRD5A1
"1,2,3,4,6-Pentagalloyl glucose",PTGS1
"1,2,3,4,6-Pentagalloyl glucose",GLRA1
"1,2,3,4,6-Pentagalloyl glucose",GLRA2
"1,2,3,4,6-Pentagalloyl glucose",SLC5A4
"1,2,3,4,6-Pentagalloyl glucose",CNR2
"1,2,3,4,6-Pentagalloyl glucose",IMPDH2
"1,2,3,4,6-Pentagalloyl glucose",PPM1A
"1,2,3,4,6-Pentagalloyl glucose",CES2
"1,2,3,4,6-Pentagalloyl glucose",GCGR
"1,2,3,4,6-Pentagalloyl glucose",ADRA1A
"1,2,3,4,6-Pentagalloyl glucose",ADRA1B
"1,2,3,4,6-Pentagalloyl glucose",CCR6
"1,2,3,4,6-Pentagalloyl glucose",PRKCD
"1,2,3,4,6-Pentagalloyl glucose",PRKCB
"1,2,3,4,6-Pentagalloyl glucose",PRKCE
"1,2,3,4,6-Pentagalloyl glucose",VDR
"1,2,3,4,6-Pentagalloyl glucose",ALOX5
"1,2,3,4,6-Pentagalloyl glucose",POLB
"1,2,3,4,6-Pentagalloyl glucose",ESR2
"1,2,3,4,6-Pentagalloyl glucose",ADORA1
"1,2,3,4,6-Pentagalloyl glucose",CNR1
"1,2,3,4,6-Pentagalloyl glucose",TERT
"1,2,3,4,6-Pentagalloyl glucose",IGF1R
"1,2,3,4,6-Pentagalloyl glucose",MET
"1,2,3,4,6-Pentagalloyl glucose",ALK
"1,2,3,4,6-Pentagalloyl glucose",AXL
"1,2,3,4,6-Pentagalloyl glucose",STS
"1,2,3,4,6-Pentagalloyl glucose",LGALS1
"1,2,3,4,6-Pentagalloyl glucose",MCHR1
"1,2,3,4,6-Pentagalloyl glucose",CA1
"1,2,3,4,6-Pentagalloyl glucose",CA14
"1,2,3,4,6-Pentagalloyl glucose",CA9
"1,2,3,4,6-Pentagalloyl glucose",ADRB2
"1,2,3,4,6-Pentagalloyl glucose",TACR1
"1,2,3,4,6-Pentagalloyl glucose",SLC6A3
"1,2,3,4,6-Pentagalloyl glucose",SLC29A1
"1,2,3,4,6-Pentagalloyl glucose",MAPT
"1,2,3,4,6-Pentagalloyl glucose",DNMT1
"1,2,3,4,6-Pentagalloyl glucose",DYRK1A
"1,2,3,4,6-Pentagalloyl glucose",KCNH2
"1,2,3,4,6-Pentagalloyl glucose",APP
"1,2,3,4,6-Pentagalloyl glucose",MAPK14
"1,2,3,4,6-Pentagalloyl glucose",PGD
"1,2,3,4,6-Pentagalloyl glucose",ST3GAL3
"1,2,3,4,6-Pentagalloyl glucose",FUT7
"1,2,3,4,6-Pentagalloyl glucose",MMP14
"1,2,3,4,6-Pentagalloyl glucose",FUT4
"1,2,3,4,6-Pentagalloyl glucose",STAT1
"1,2,3,4,6-Pentagalloyl glucose",CDC25B
"1,2,3,4,6-Pentagalloyl glucose",MAG
L-(+)-Valine,GABBR2
L-(+)-Valine,GABBR1
L-(+)-Valine,SLC6A1
L-(+)-Valine,GABRA3
L-(+)-Valine,GABRB2
L-(+)-Valine,GABRG2
L-(+)-Valine,GABRA2
L-(+)-Valine,GABRB2
L-(+)-Valine,GABRG2
L-(+)-Valine,GABRR1
L-(+)-Valine,SLC6A11
L-(+)-Valine,SLC6A13
L-(+)-Valine,OAT
L-(+)-Valine,GABBR1
L-(+)-Valine,HDAC3
L-(+)-Valine,CACNA2D1
L-(+)-Valine,ADORA3
L-(+)-Valine,GRM4
L-(+)-Valine,GRM5
L-(+)-Valine,GRM8
L-(+)-Valine,GRM7
L-(+)-Valine,RNPEP
L-(+)-Valine,LTA4H
L-(+)-Valine,KMO
L-(+)-Valine,GABRA1
L-(+)-Valine,GABRB2
L-(+)-Valine,GABRG2
L-(+)-Valine,GRIK1
L-(+)-Valine,GRIA1
L-(+)-Valine,GRIK5
L-(+)-Valine,GRIA4
L-(+)-Valine,GRIK2
L-(+)-Valine,GRIK3
L-(+)-Valine,SLC6A12
L-(+)-Valine,TH
L-(+)-Valine,SI
L-(+)-Valine,GRIA2
L-(+)-Valine,KYNU
L-(+)-Valine,GBA
L-(+)-Valine,PYGL
L-(+)-Valine,SLC6A3
L-(+)-Valine,GFPT1
L-(+)-Valine,SLC1A1
L-(+)-Valine,EGLN1
L-(+)-Valine,GRM2
L-(+)-Valine,SLC22A6
L-(+)-Valine,GRM1
L-(+)-Valine,FYN
L-(+)-Valine,EGFR
L-(+)-Valine,LCK
L-(+)-Valine,CA2
L-(+)-Valine,MAN1B1
L-(+)-Valine,CA1
L-(+)-Valine,CA12
L-(+)-Valine,CA9
L-(+)-Valine,BBOX1
L-(+)-Valine,CDC45
L-(+)-Valine,PTPRC
L-(+)-Valine,CDC25A
L-(+)-Valine,CPN1
L-(+)-Valine,GRM3
L-(+)-Valine,GRM6
L-(+)-Valine,GLA
L-(+)-Valine,FABP4
L-(+)-Valine,PPARA
L-(+)-Valine,CPT2
L-(+)-Valine,FABP3
L-(+)-Valine,FABP5
L-(+)-Valine,PPARD
L-(+)-Valine,HSD11B1
L-(+)-Valine,FFAR1
L-(+)-Valine,FABP2
L-(+)-Valine,AGL
L-(+)-Valine,MGAM
L-(+)-Valine,PEPD
L-(+)-Valine,ENPEP
L-(+)-Valine,ABAT
L-(+)-Valine,KDM2A
L-(+)-Valine,KDM6B
L-(+)-Valine,PHF8
L-(+)-Valine,KDM5C
L-(+)-Valine,UGCG
L-(+)-Valine,GANAB
L-(+)-Valine,GAA
L-(+)-Valine,SHBG
L-(+)-Valine,SLC1A2
L-(+)-Valine,FUCA2
L-(+)-Valine,FUCA1
L-(+)-Valine,KDM4C
L-(+)-Valine,HMGCR
L-(+)-Valine,ACE
L-(+)-Valine,NOS1
L-(+)-Valine,AR
L-(+)-Valine,ANPEP
L-(+)-Valine,VDR
L-(+)-Valine,NR1H4
L-(+)-Valine,GPBAR1
L-(+)-Valine,AKR1B10
L-(+)-Valine,POLB
L-(+)-Valine,CPB2
L-(+)-Valine,LAP3
L-(+)-Valine,PLG
L-(+)-Valine,ODC1
L-(+)-Valine,CPA1
L-(+)-Valine,KDM4E
citramalic acid,EGLN1
citramalic acid,ACLY
citramalic acid,CHRNA7
citramalic acid,FDFT1
citramalic acid,HDAC3
citramalic acid,AKR1B1
citramalic acid,SLC1A1
citramalic acid,SLC1A2
citramalic acid,ADSS
citramalic acid,HAO1
citramalic acid,FOLH1
citramalic acid,KDM2A
citramalic acid,PHF8
citramalic acid,KDM5C
citramalic acid,PTGER2
citramalic acid,PTGFR
citramalic acid,FNTA
citramalic acid,FNTB
citramalic acid,NPC1L1
citramalic acid,UGT2B7
citramalic acid,SLC6A1
citramalic acid,GABRA1
citramalic acid,GABRB2
citramalic acid,GABRG2
citramalic acid,GABRA3
citramalic acid,GABRB2
citramalic acid,GABRG2
citramalic acid,GABRA2
citramalic acid,GABRB2
citramalic acid,GABRG2
citramalic acid,GABBR2
citramalic acid,GABBR1
citramalic acid,GABRR1
citramalic acid,SLC6A11
citramalic acid,SLC22A6
citramalic acid,SLC6A13
citramalic acid,CPT1A
citramalic acid,G6PD
citramalic acid,FABP4
citramalic acid,PPARA
citramalic acid,FABP3
citramalic acid,FABP5
citramalic acid,PPARD
citramalic acid,FFAR1
citramalic acid,FABP2
citramalic acid,HMGCR
Itaconic acid,EGLN1
Itaconic acid,KDM4E
Itaconic acid,KDM3A
Itaconic acid,FTO
Itaconic acid,KDM5A
Itaconic acid,EGLN2
Itaconic acid,KDM5B
Itaconic acid,EGLN3
Itaconic acid,KDM4A
Itaconic acid,HIF1AN
Itaconic acid,KDM4D
Itaconic acid,KDM4C
Itaconic acid,P4HA1
Itaconic acid,P4HTM
Itaconic acid,HDAC3
Itaconic acid,FOLH1
Itaconic acid,ACLY
Itaconic acid,PHF8
Itaconic acid,FNTA
Itaconic acid,FNTB
Itaconic acid,PTPN1
Itaconic acid,PTPN2
Itaconic acid,CA1
Itaconic acid,CA9
Itaconic acid,KDM2A
Itaconic acid,KDM5C
chebulinic acid,SQLE
chebulinic acid,TOP1
chebulinic acid,TERT
chebulinic acid,PTPN1
chebulinic acid,PTPN2
chebulinic acid,TOP2A
chebulinic acid,ERBB2
chebulinic acid,FYN
chebulinic acid,CHRM1
chebulinic acid,MMP2
chebulinic acid,AURKA
chebulinic acid,SLC10A2
chebulinic acid,ITGA3
chebulinic acid,LCK
chebulinic acid,BACE1
chebulinic acid,ADORA2A
chebulinic acid,ADORA3
chebulinic acid,TDP1
chebulinic acid,MCL1
chebulinic acid,BCL2L1
chebulinic acid,BCL2A1
chebulinic acid,F10
chebulinic acid,AMY1A
chebulinic acid,SERPINE1
chebulinic acid,MMP14
chebulinic acid,XDH
chebulinic acid,EIF4A1
chebulinic acid,CYP19A1
chebulinic acid,CASR
chebulinic acid,PTGS1
chebulinic acid,OPRM1
chebulinic acid,PRKACA
chebulinic acid,MAPT
chebulinic acid,DNMT1
chebulinic acid,DYRK1A
chebulinic acid,KCNH2
chebulinic acid,APP
chebulinic acid,MAPK14
chebulinic acid,PGD
chebulinic acid,ST3GAL3
chebulinic acid,FUT7
chebulinic acid,MET
chebulinic acid,FUT4
chebulinic acid,STAT1
chebulinic acid,ABCB1
chebulinic acid,SLC5A2
chebulinic acid,CA1
chebulinic acid,CA3
chebulinic acid,CA6
chebulinic acid,CA13
chebulinic acid,CA5B
chebulinic acid,CA5A
chebulinic acid,F2
chebulinic acid,NMUR2
chebulinic acid,ADRA2A
chebulinic acid,ADRA2C
chebulinic acid,ACHE
chebulinic acid,PTPRA
chebulinic acid,SRD5A1
chebulinic acid,HIF1A
chebulinic acid,HTR2B
chebulinic acid,BAD
chebulinic acid,EPHX2
chebulinic acid,TP53
chebulinic acid,HDAC6
chebulinic acid,HDAC8
chebulinic acid,HDAC1
chebulinic acid,IGF1R
chebulinic acid,PIM1
chebulinic acid,AURKB
chebulinic acid,SRC
chebulinic acid,PTK2
chebulinic acid,KDR
chebulinic acid,PLK1
chebulinic acid,PKN1
chebulinic acid,NEK2
chebulinic acid,ALK
chebulinic acid,AKT1
chebulinic acid,NEK6
chebulinic acid,AXL
chebulinic acid,HDAC10
chebulinic acid,NUAK1
chebulinic acid,ADORA1
chebulinic acid,FANCF
chebulinic acid,SLC5A4
chebulinic acid,MMP13
chebulinic acid,MMP12
chebulinic acid,BCL2
chebulinic acid,SELP
chebulinic acid,GPR35
chebulinic acid,ESR1
chebulinic acid,PGR
chebulinic acid,OPRK1
chebulinic acid,LTB4R
chebulinic acid,CHN2
chebulinic acid,OPRD1
chebulinic acid,TAS2R31
chebulinic acid,MAP3K7
chebulinic acid,PTGES
chebulinic acid,PTPRF
4-guanidinobutanal,DPP4
4-guanidinobutanal,MMP9
4-guanidinobutanal,MMP1
4-guanidinobutanal,MMP2
4-guanidinobutanal,MMP8
4-guanidinobutanal,IDO1
4-guanidinobutanal,DAO
4-guanidinobutanal,CHRNA4
4-guanidinobutanal,CHRNA4
4-guanidinobutanal,CHRNB2
4-guanidinobutanal,CHRNA3
4-guanidinobutanal,CHRNB4
4-guanidinobutanal,CHRNA7
4-guanidinobutanal,HTR1A
4-guanidinobutanal,IMPDH1
4-guanidinobutanal,IMPDH2
4-guanidinobutanal,DRD2
4-guanidinobutanal,DPP8
4-guanidinobutanal,DPP9
4-guanidinobutanal,HDAC1
4-guanidinobutanal,SLC6A4
4-guanidinobutanal,MPO
4-guanidinobutanal,HDAC8
4-guanidinobutanal,HDAC3
4-guanidinobutanal,HDAC6
4-guanidinobutanal,HDAC2
4-guanidinobutanal,HDAC5
4-guanidinobutanal,METAP1
4-guanidinobutanal,ADAM17
4-guanidinobutanal,MET
4-guanidinobutanal,CA2
4-guanidinobutanal,CA1
4-guanidinobutanal,CA5B
4-guanidinobutanal,RPS6KA5
4-guanidinobutanal,LTA4H
4-guanidinobutanal,CA5A
4-guanidinobutanal,HRH3
4-guanidinobutanal,PTGES
4-guanidinobutanal,CA7
4-guanidinobutanal,SIGMAR1
4-guanidinobutanal,CA6
4-guanidinobutanal,CA12
4-guanidinobutanal,CA14
4-guanidinobutanal,CA9
4-guanidinobutanal,CA4
4-guanidinobutanal,CA13
4-guanidinobutanal,HDAC7
4-guanidinobutanal,PDE4D
4-guanidinobutanal,PDE7A
4-guanidinobutanal,FBP1
4-guanidinobutanal,JAK2
4-guanidinobutanal,COMT
4-guanidinobutanal,MAPK10
4-guanidinobutanal,ENPEP
4-guanidinobutanal,ESR1
4-guanidinobutanal,SLC6A2
4-guanidinobutanal,SLC6A3
4-guanidinobutanal,ESR2
4-guanidinobutanal,SCN9A
4-guanidinobutanal,NCOR2
4-guanidinobutanal,HDAC3
4-guanidinobutanal,CXCR2
4-guanidinobutanal,NCOR1
4-guanidinobutanal,HDAC3
4-guanidinobutanal,HDAC11
4-guanidinobutanal,HDAC4
4-guanidinobutanal,GSTP1
4-guanidinobutanal,NISCH
4-guanidinobutanal,HDAC9
4-guanidinobutanal,GSTM2
4-guanidinobutanal,HDAC10
4-guanidinobutanal,EGFR
4-guanidinobutanal,MMP3
4-guanidinobutanal,IDH1
4-guanidinobutanal,CDK2
4-guanidinobutanal,CCNA1
4-guanidinobutanal,CCNA2
4-guanidinobutanal,GSK3B
4-guanidinobutanal,SCN5A
4-guanidinobutanal,ALOX5
4-guanidinobutanal,MMP13
4-guanidinobutanal,QDPR
4-guanidinobutanal,CHRM5
4-guanidinobutanal,CHRM2
4-guanidinobutanal,CHRM1
4-guanidinobutanal,OPRM1
4-guanidinobutanal,ADAM10
4-guanidinobutanal,CHRM4
4-guanidinobutanal,HTR3A
4-guanidinobutanal,FAP
4-guanidinobutanal,DRD4
4-guanidinobutanal,DRD3
4-guanidinobutanal,ADCY5
4-guanidinobutanal,NOX4
4-guanidinobutanal,JAK3
4-guanidinobutanal,KCNH2
4-guanidinobutanal,JAK1
4-guanidinobutanal,FGFR1
4-guanidinobutanal,NEK2
4-guanidinobutanal,AKT1
4-guanidinobutanal,CHEK1
4-guanidinobutanal,MAPK15
4-guanidinobutanal,PDPK1
4-guanidinobutanal,HTR1B
4-guanidinobutanal,ANPEP
4-guanidinobutanal,CHRM3
