Gene,Phytochemical
ACLY,Malic acid
AKR1B1,Malic acid
PPARA,Malic acid
ACLY,D-(-)-Quinic acid
PPARA,D-(-)-Quinic acid
GAA,D-(-)-Quinic acid
ACE,D-(-)-Quinic acid
IL1B,D-(-)-Quinic acid
ACE,L-Pyroglutamic acid
F2,L-Pyroglutamic acid
CTSB,L-Pyroglutamic acid
BACE1,L-Pyroglutamic acid
FURIN,L-Pyroglutamic acid
ACLY,Citric acid
PPARA,Citric acid
ACLY,Glutaric acid
PPARA,Glutaric acid
ACE,Glutaric acid
FURIN,DL-Arginine
ACLY,"1,3,4,5-Tetrahydroxycyclohexanecarboxylic acid"
PPARA,"1,3,4,5-Tetrahydroxycyclohexanecarboxylic acid"
GAA,"1,3,4,5-Tetrahydroxycyclohexanecarboxylic acid"
IL1B,"1,3,4,5-Tetrahydroxycyclohexanecarboxylic acid"
ACE,"1,3,4,5-Tetrahydroxycyclohexanecarboxylic acid"
PYGM,Glucuronolactone
AKR1B1,Glucuronolactone
F2,Glucuronolactone
ACLY,Methylsuccinic Acid
PPARA,Methylsuccinic Acid
ACE,Methylsuccinic Acid
ACLY,D-Gluconic acid
PPARA,D-Gluconic acid
ACE,D-Gluconic acid
IL1B,D-Gluconic acid
F2,D-Glucopyranuronic acid
ACLY,DL-Aspartic acid
GAA,L-Asparagine
ACLY,D-Saccharic acid
PPARA,D-Saccharic acid
ACE,D-Saccharic acid
IL1B,D-Saccharic acid
ACLY,Hexaric acid
PPARA,Hexaric acid
ACE,Hexaric acid
IL1B,Hexaric acid
ALB,Gallic acid
ELANE,Gallic acid
AKR1B1,4-Aminobenzoic acid
F2,4-Aminobenzoic acid
ACLY,Heptose
PYGM,Heptose
PPARA,Heptose
MGAM,Heptose
SI,Heptose
TREH,Heptose
IL1B,Heptose
AKR1B1,Pyrogallol
ACLY,L-(-)-Malic acid
AKR1B1,L-(-)-Malic acid
PPARA,L-(-)-Malic acid
ACLY,Proline
AKR1B1,Proline
PPARA,Proline
PPARA,alpha-aminoadipic acid
PYGM,alpha-aminoadipic acid
GAA,alpha-aminoadipic acid
ACLY,L-(+)-Aspartic acid
ALB,Protocatechuic aldehyde
F2,Protocatechuic aldehyde
GAA,Protocatechuic aldehyde
ACE,N-Acetyl-L-glutamic acid
F2,N-Acetyl-L-glutamic acid
CTSB,N-Acetyl-L-glutamic acid
BACE1,N-Acetyl-L-glutamic acid
MGAM,N-Acetyl-L-glutamic acid
SI,N-Acetyl-L-glutamic acid
BACE1,Geraniin
PPARA,Amino-levulinic acid
ACLY,Amino-levulinic acid
ACE,Amino-levulinic acid
AMY1A,"1,2,3,4,6-Pentagalloyl glucose"
BACE1,"1,2,3,4,6-Pentagalloyl glucose"
AKR1B1,"1,2,3,4,6-Pentagalloyl glucose"
TP53,"1,2,3,4,6-Pentagalloyl glucose"
SI,L-(+)-Valine
GLA,L-(+)-Valine
PPARA,L-(+)-Valine
AGL,L-(+)-Valine
MGAM,L-(+)-Valine
GAA,L-(+)-Valine
ACE,L-(+)-Valine
ACLY,citramalic acid
AKR1B1,citramalic acid
PPARA,citramalic acid
ACLY,Itaconic acid
BACE1,chebulinic acid
AMY1A,chebulinic acid
F2,chebulinic acid
TP53,chebulinic acid
