source,native,name,p_value,significant,description,term_size,query_size,intersection_size,effective_domain_size,precision,recall,query,parents
KEGG,KEGG:00500,Starch and sucrose metabolism,6.282650769756432e-11,True,Starch and sucrose metabolism,36,20,7,8484,0.35,0.19444444444444445,query_1,['KEGG:00000']
GO:BP,GO:0005975,carbohydrate metabolic process,9.649560188954304e-10,True,"""The chemical reactions and pathways involving carbohydrates, any of a group of organic compounds based of the general formula Cx(H2O)y."" [GOC:mah, ISBN:0198506732]",561,20,11,21026,0.55,0.0196078431372549,query_1,['GO:0044238']
GO:BP,GO:0016052,carbohydrate catabolic process,3.3339227228693267e-09,True,"""The chemical reactions and pathways resulting in the breakdown of carbohydrates, any of a group of organic compounds based of the general formula Cx(H2O)y."" [ISBN:0198506732]",173,20,8,21026,0.4,0.046242774566473986,query_1,"['GO:0005975', 'GO:0009056']"
GO:BP,GO:0009311,oligosaccharide metabolic process,4.576864835136422e-08,True,"""The chemical reactions and pathways involving oligosaccharides, molecules with between two and (about) 20 monosaccharide residues connected by glycosidic linkages."" [ISBN:0198506732]",66,20,6,21026,0.3,0.09090909090909091,query_1,['GO:0005975']
GO:BP,GO:0005984,disaccharide metabolic process,3.154081254077441e-07,True,"""The chemical reactions and pathways involving any disaccharide, sugars composed of two monosaccharide units."" [GOC:jl, ISBN:0192800981]",11,20,4,21026,0.2,0.36363636363636365,query_1,['GO:0009311']
KEGG,KEGG:00052,Galactose metabolism,5.183489107247696e-07,True,Galactose metabolism,32,20,5,8484,0.25,0.15625,query_1,['KEGG:00000']
REAC,REAC:R-HSA-189085,Digestion of dietary carbohydrate,8.834180289438057e-07,True,Digestion of dietary carbohydrate,11,20,4,11004,0.2,0.36363636363636365,query_1,['REAC:R-HSA-8935690']
GO:BP,GO:0046352,disaccharide catabolic process,4.745182509028674e-06,True,"""The chemical reactions and pathways resulting in the breakdown of disaccharides, sugars composed of two monosaccharide units."" [GOC:ai]",4,20,3,21026,0.15,0.75,query_1,"['GO:0005984', 'GO:0009313']"
GO:BP,GO:0009056,catabolic process,6.947872446830098e-06,True,"""A cellular process consisting of the biochemical pathways by which a living organism breaks down substances. This includes the breakdown of carbon compounds with the liberation of energy for use by the cell or organism."" [ISBN:0198547684]",2639,20,14,21026,0.7,0.005305039787798408,query_1,['GO:0008152']
GO:BP,GO:0009251,glucan catabolic process,1.661127332914888e-05,True,"""The chemical reactions and pathways resulting in the breakdown of glucans, polysaccharides consisting only of glucose residues."" [GOC:go_curators]",27,20,4,21026,0.2,0.14814814814814814,query_1,"['GO:0000272', 'GO:0044042']"
REAC,REAC:R-HSA-8935690,Digestion,1.9333150580482927e-05,True,Digestion,22,20,4,11004,0.2,0.18181818181818182,query_1,['REAC:R-HSA-8963743']
GO:BP,GO:0000272,polysaccharide catabolic process,2.245321288560182e-05,True,"""The chemical reactions and pathways resulting in the breakdown of a polysaccharide, a polymer of many (typically more than 10) monosaccharide residues linked glycosidically."" [PMID:33139480]",29,20,4,21026,0.2,0.13793103448275862,query_1,"['GO:0005976', 'GO:0009057', 'GO:0016052']"
REAC,REAC:R-HSA-8963743,Digestion and absorption,3.9328357492349336e-05,True,Digestion and absorption,26,20,4,11004,0.2,0.15384615384615385,query_1,['REAC:0000000']
GO:BP,GO:0009313,oligosaccharide catabolic process,0.0005361745504123309,True,"""The chemical reactions and pathways resulting in the breakdown of oligosaccharides, molecules with between two and (about) 20 monosaccharide residues connected by glycosidic linkages."" [ISBN:0198506732]",15,20,3,21026,0.15,0.2,query_1,"['GO:0009311', 'GO:0016052']"
REAC,REAC:R-HSA-70221,Glycogen breakdown (glycogenolysis),0.0006276781192884093,True,Glycogen breakdown (glycogenolysis),14,20,3,11004,0.15,0.21428571428571427,query_1,['REAC:R-HSA-8982491']
GO:BP,GO:1903597,negative regulation of gap junction assembly,0.0013864341352956065,True,"""Any process that stops, prevents or reduces the frequency, rate or extent of gap junction assembly."" [GO_REF:0000058, GOC:BHF, GOC:mtg_cardiac_conduct_nov11, GOC:rl, GOC:TermGenie, PMID:25017399]",2,20,2,21026,0.1,1.0,query_1,"['GO:0016264', 'GO:1901889', 'GO:1903596']"
GO:BP,GO:0044042,glucan metabolic process,0.0019389714132885304,True,"""The chemical reactions and pathways involving glucans, polysaccharides consisting only of glucose residues."" [GOC:jl]",86,20,4,21026,0.2,0.046511627906976744,query_1,['GO:0005976']
REAC,REAC:R-HSA-168249,Innate Immune System,0.0023545889385950085,True,Innate Immune System,1100,20,10,11004,0.5,0.00909090909090909,query_1,['REAC:R-HSA-168256']
GO:BP,GO:0044403,biological process involved in symbiotic interaction,0.002944266233121794,True,"""A process carried out by gene products in an organism that enable the organism to engage in a symbiotic relationship, a more or less intimate association, with another organism. The various forms of symbiosis include parasitism, in which the association is disadvantageous or destructive to one of the organisms; mutualism, in which the association is advantageous, or often necessary to one or both and not harmful to either; and commensalism, in which one member of the association benefits while the other is not affected. However, mutualism, parasitism, and commensalism are often not discrete categories of interactions and should rather be perceived as a continuum of interaction ranging from parasitism to mutualism. In fact, the direction of a symbiotic interaction can change during the lifetime of the symbionts due to developmental changes as well as changes in the biotic/abiotic environment in which the interaction occurs. Microscopic symbionts are often referred to as endosymbionts."" [GOC:cc, PMID:31257129]",225,20,5,21026,0.25,0.022222222222222223,query_1,['GO:0044419']
GO:BP,GO:0005980,glycogen catabolic process,0.0030434775184429476,True,"""The chemical reactions and pathways resulting in the breakdown of glycogen, a polydisperse, highly branched glucan composed of chains of D-glucose residues."" [ISBN:0198506732]",26,20,3,21026,0.15,0.11538461538461539,query_1,"['GO:0005977', 'GO:0009251']"
GO:BP,GO:0005976,polysaccharide metabolic process,0.003842517191434851,True,"""The chemical reactions and pathways involving a polysaccharide, a polymer of many (typically more than 10) monosaccharide residues linked glycosidically."" [ISBN:0198547684]",102,20,4,21026,0.2,0.0392156862745098,query_1,"['GO:0005975', 'GO:0043170']"
REAC,REAC:R-HSA-8982491,Glycogen metabolism,0.003915830802680083,True,Glycogen metabolism,25,20,3,11004,0.15,0.12,query_1,['REAC:R-HSA-71387']
GO:BP,GO:0000023,maltose metabolic process,0.004156928374833234,True,"""The chemical reactions and pathways involving the disaccharide maltose (4-O-alpha-D-glucopyranosyl-D-glucopyranose), an intermediate in the catabolism of glycogen and starch."" [GOC:jl, ISBN:0198506732]",3,20,2,21026,0.1,0.6666666666666666,query_1,['GO:0005984']
REAC,REAC:R-HSA-6798695,Neutrophil degranulation,0.004375710821711972,True,Neutrophil degranulation,476,20,7,11004,0.35,0.014705882352941176,query_1,['REAC:R-HSA-168249']
GO:BP,GO:0043603,amide metabolic process,0.004801331549225843,True,"""The chemical reactions and pathways involving an amide, any derivative of an oxoacid in which an acidic hydroxy group has been replaced by an amino or substituted amino group, as carried out by individual cells."" [GOC:curators]",455,20,6,21026,0.3,0.013186813186813187,query_1,['GO:0008152']
REAC,REAC:R-HSA-5620971,Pyroptosis,0.00496837996131493,True,Pyroptosis,27,20,3,11004,0.15,0.1111111111111111,query_1,['REAC:R-HSA-5218859']
GO:BP,GO:0005985,sucrose metabolic process,0.008309111567157438,True,"""The chemical reactions and pathways involving sucrose, the disaccharide fructofuranosyl-glucopyranoside."" [GOC:go_curators]",4,20,2,21026,0.1,0.5,query_1,['GO:0005984']
GO:BP,GO:0140448,signaling receptor ligand precursor processing,0.010613791897832459,True,"""The cleavage of a peptide bond in a precursor form of a signaling receptor ligand, resulting in the mature (active) form of the ligand."" [PMID:29247995]",39,20,3,21026,0.15,0.07692307692307693,query_1,['GO:0016485']
GO:BP,GO:0002446,neutrophil mediated immunity,0.010613791897832459,True,"""Any process involved in the carrying out of an immune response by a neutrophil."" [GO_REF:0000022, GOC:add, ISBN:0781735149]",39,20,3,21026,0.15,0.07692307692307693,query_1,['GO:0002444']
KEGG,KEGG:04973,Carbohydrate digestion and absorption,0.010749127676152152,True,Carbohydrate digestion and absorption,47,20,3,8484,0.15,0.06382978723404255,query_1,['KEGG:00000']
GO:BP,GO:0010817,regulation of hormone levels,0.015168539867527737,True,"""Any process that modulates the levels of hormone within an organism or a tissue. A hormone is any substance formed in very small amounts in one specialized organ or group of cells and carried (sometimes in the bloodstream) to another organ or group of cells in the same organism, upon which it has a specific regulatory action."" [GOC:BHF, GOC:dph, GOC:tb]",556,20,6,21026,0.3,0.01079136690647482,query_1,['GO:0065008']
GO:BP,GO:0006509,membrane protein ectodomain proteolysis,0.018740505411154247,True,"""The proteolytic cleavage of transmembrane proteins and release of their ectodomain (extracellular domain)."" [GOC:jl, PMID:24227200]",47,20,3,21026,0.15,0.06382978723404255,query_1,['GO:0033619']
GO:BP,GO:0050790,regulation of catalytic activity,0.02405707487320062,True,"""Any process that modulates the activity of an enzyme."" [GOC:ai, GOC:ebc, GOC:vw]",928,20,7,21026,0.35,0.007543103448275862,query_1,['GO:0065009']
GO:BP,GO:0070945,neutrophil-mediated killing of gram-negative bacterium,0.029032126478918445,True,"""The directed killing of a gram-negative bacterium by a neutrophil."" [GOC:add, ISBN:0781765196]",7,20,2,21026,0.1,0.2857142857142857,query_1,"['GO:0050829', 'GO:0070944']"
GO:BP,GO:0065008,regulation of biological quality,0.03201895141071958,True,"""Any process that modulates a qualitative or quantitative trait of a biological quality. A biological quality is a measurable attribute of an organism or part of an organism, such as size, mass, shape, color, etc."" [GOC:dph, GOC:isa_complete, GOC:mah, GOC:pr, GOC:vw]",2947,20,11,21026,0.55,0.0037326094333220224,query_1,['GO:0065007']
GO:BP,GO:0009057,macromolecule catabolic process,0.0407366746492789,True,"""The chemical reactions and pathways resulting in the breakdown of a macromolecule, any molecule of high relative molecular mass, the structure of which essentially comprises the multiple repetition of units derived, actually or conceptually, from molecules of low relative molecular mass."" [GOC:mah]",1417,20,8,21026,0.4,0.0056457304163726185,query_1,"['GO:0009056', 'GO:0043170']"
GO:BP,GO:0032102,negative regulation of response to external stimulus,0.0414967757225183,True,"""Any process that stops, prevents, or reduces the frequency, rate or extent of a response to an external stimulus."" [GOC:mah]",388,20,5,21026,0.25,0.01288659793814433,query_1,"['GO:0009605', 'GO:0032101', 'GO:0048585']"
GO:BP,GO:0033619,membrane protein proteolysis,0.043314604645487885,True,"""The proteolytic cleavage of a transmembrane protein leading to the release of its intracellular or ecto-domains."" [GOC:pde]",62,20,3,21026,0.15,0.04838709677419355,query_1,['GO:0006508']
GO:BP,GO:0006518,peptide metabolic process,0.04545275642815482,True,"""The chemical reactions and pathways involving peptides, compounds of two or more amino acids where the alpha carboxyl group of one is bound to the alpha amino group of another."" [GOC:go_curators]",63,20,3,21026,0.15,0.047619047619047616,query_1,['GO:0008152']
REAC,REAC:R-HSA-159782,Removal of aminoterminal propeptides from gamma-carboxylated proteins,0.04762076951863284,True,Removal of aminoterminal propeptides from gamma-carboxylated proteins,10,20,2,11004,0.1,0.2,query_1,['REAC:R-HSA-159854']
