Phytochemical Name,Common name
Sanggenone H,CTSK
Sanggenone H,ODC1
Sanggenone H,CYP19A1
Sanggenone H,CDK4
Sanggenone H,BACE1
Sanggenone H,ABCG2
Sanggenone H,ESR1
Sanggenone H,ESR2
Sanggenone H,PTGS1
Sanggenone H,HSD17B1
Sanggenone H,SLC5A2
Sanggenone H,SGK1
Sanggenone H,CYP1B1
Sanggenone H,NOX4
Sanggenone H,PTPN1
Sanggenone H,BRAF
Sanggenone H,PLA2G1B
Sanggenone H,GCGR
Sanggenone H,HSD17B2
Sanggenone H,AURKB
Sanggenone H,AURKA
Sanggenone H,TRPM8
Sanggenone H,EPHB4
Sanggenone H,UPP1
Sanggenone H,TAS2R31
Sanggenone H,ADORA1
Sanggenone H,ADORA3
Sanggenone H,MAOB
Sanggenone H,CHRNA7
Sanggenone H,CHEK1
Sanggenone H,CA7
Sanggenone H,CA12
Sanggenone H,CA4
Sanggenone H,HTR7
Sanggenone H,SHBG
Sanggenone H,MTOR
Sanggenone H,PIK3CG
Sanggenone H,PIK3CA
Sanggenone H,MKNK2
Sanggenone H,RPS6KB1
Sanggenone H,KDM1A
Sanggenone H,MAP4K4
Sanggenone H,ERN1
Sanggenone H,EGFR
Sanggenone H,PDK1
Sanggenone H,PARP1
Sanggenone H,DRD1
Sanggenone H,DRD2
Sanggenone H,DRD3
Sanggenone H,SIGMAR1
Sanggenone H,HSP90AA1
Sanggenone H,MMP1
Sanggenone H,ADAM17
Sanggenone H,GSK3B
Sanggenone H,BCHE
Sanggenone H,ACHE
Sanggenone H,PDPK1
Sanggenone H,SLC29A1
Sanggenone H,HPGDS
Sanggenone H,PNP
Sanggenone H,AR
Sanggenone H,RAF1
Sanggenone H,YWHAG
Sanggenone H,TNF
Sanggenone H,GUSB
Sanggenone H,SPHK2
Sanggenone H,PIK3CD
Sanggenone H,SPHK1
Sanggenone H,CDK2
Sanggenone H,MAPK1
Sanggenone H,MMP8
Sanggenone H,WEE1
Sanggenone H,CES2
Sanggenone H,CCNE2
Sanggenone H,CDK2
Sanggenone H,CCNE1
Sanggenone H,CSNK1G1
Sanggenone H,RPS6KA1
Sanggenone H,ROCK1
Sanggenone H,CAPN1
Sanggenone H,PLG
Sanggenone H,TYR
Sanggenone H,TGM2
Sanggenone H,ADRA1D
Sanggenone H,ADRA1A
Sanggenone H,ADRA1B
Sanggenone H,GSK3A
Sanggenone H,MPL
Sanggenone H,SYK
Sanggenone H,CDK2
Sanggenone H,CCNA1
Sanggenone H,CCNA2
Sanggenone H,PTGDR2
Sanggenone H,ABCC1
Sanggenone H,CBR1
Sanggenone H,XDH
Sanggenone H,PTK2
Sanggenone H,TOP1
Sanggenone H,PDE7A
Sanggenone H,ESRRA
Sanggenone H,ESRRB
Sanggenone H,BMP1
Sanggenone H,DUSP3
Sanggenone H,MMP3
Quercetin,NOX4
Quercetin,AVPR2
Quercetin,AKR1B1
Quercetin,XDH
Quercetin,MAOA
Quercetin,IGF1R
Quercetin,FLT3
Quercetin,CYP19A1
Quercetin,EGFR
Quercetin,F2
Quercetin,CA2
Quercetin,PIM1
Quercetin,ALOX5
Quercetin,AURKB
Quercetin,DRD4
Quercetin,ADORA1
Quercetin,CA7
Quercetin,GLO1
Quercetin,MPO
Quercetin,PIK3R1
Quercetin,ADORA2A
Quercetin,DAPK1
Quercetin,PYGL
Quercetin,CA1
Quercetin,GSK3B
Quercetin,SRC
Quercetin,PTK2
Quercetin,HSD17B2
Quercetin,KDR
Quercetin,MMP13
Quercetin,MMP3
Quercetin,CA3
Quercetin,ALOX15
Quercetin,ABCC1
Quercetin,PLK1
Quercetin,CA6
Quercetin,CDK1
Quercetin,MMP9
Quercetin,CA12
Quercetin,MMP2
Quercetin,PKN1
Quercetin,CA14
Quercetin,CA9
Quercetin,CSNK2A1
Quercetin,ALOX12
Quercetin,MET
Quercetin,CA4
Quercetin,NEK2
Quercetin,CXCR1
Quercetin,CAMK2B
Quercetin,ALK
Quercetin,AKT1
Quercetin,ABCB1
Quercetin,NEK6
Quercetin,PLA2G1B
Quercetin,CA5A
Quercetin,BACE1
Quercetin,CYP1B1
Quercetin,AXL
Quercetin,ABCG2
Quercetin,NUAK1
Quercetin,AKR1C2
Quercetin,AKR1C1
Quercetin,AKR1C3
Quercetin,AKR1C4
Quercetin,CA13
Quercetin,AKR1A1
Quercetin,GPR35
Quercetin,MAPT
Quercetin,KDM4E
Quercetin,TOP2A
Quercetin,INSR
Quercetin,ACHE
Quercetin,MYLK
Quercetin,SYK
Quercetin,PIK3CG
Quercetin,APEX1
Quercetin,PTPRS
Quercetin,ESR2
Quercetin,MPG
Quercetin,SLC22A12
Quercetin,CDK5R1
Quercetin,CDK5
Quercetin,CCNB3
Quercetin,CDK1
Quercetin,CCNB1
Quercetin,CCNB2
Quercetin,ARG1
Quercetin,CDK6
Quercetin,CDK2
Quercetin,TYR
Quercetin,HSD17B1
Quercetin,AHR
Quercetin,ESRRA
Quercetin,APP
Quercetin,PARP1
Quercetin,TTR
Quercetin,MMP12
Quercetin,CD38
Quercetin,AKR1B10
Quercetin,TNKS2
Quercetin,TNKS
Quercetin,TOP1
Quercetin,TERT
Piperlongumine,MAOB
Piperlongumine,CCNC
Piperlongumine,CDK8
Piperlongumine,CDK8
Piperlongumine,MAPK14
Piperlongumine,NAAA
Piperlongumine,ASAH1
Piperlongumine,QDPR
Piperlongumine,HCRTR2
Piperlongumine,HCRTR1
Piperlongumine,HTR1A
Piperlongumine,SYK
Piperlongumine,JAK3
Piperlongumine,JAK2
Piperlongumine,CDK9
Piperlongumine,TYK2
Piperlongumine,LRRK2
Piperlongumine,CYP11B1
Piperlongumine,CYP11B2
Piperlongumine,ACHE
Piperlongumine,AGTR1
Piperlongumine,HTR2A
Piperlongumine,RPS6KB1
Piperlongumine,PARP1
Piperlongumine,TNKS
Piperlongumine,PTGS2
Piperlongumine,PIK3CD
Piperlongumine,PIK3CB
Piperlongumine,PDE4B
Piperlongumine,NOX4
Piperlongumine,CYBB
Piperlongumine,NOX1
Piperlongumine,ADORA1
Piperlongumine,ADORA2A
Piperlongumine,PDE4D
Piperlongumine,CCR1
Piperlongumine,MKNK2
Piperlongumine,SLC5A1
Piperlongumine,ROCK2
Piperlongumine,BCAT2
Piperlongumine,KDM5B
Piperlongumine,ATM
Piperlongumine,CASP3
Piperlongumine,MMP13
Piperlongumine,MMP3
Piperlongumine,CASP7
Piperlongumine,MMP8
Piperlongumine,HDAC6
Piperlongumine,CDK9
Piperlongumine,CCNT1
Piperlongumine,GUSB
Piperlongumine,TGM2
Piperlongumine,NPBWR1
Piperlongumine,MAPK10
Piperlongumine,NTRK1
Piperlongumine,GRM5
Piperlongumine,CES1
Piperlongumine,PDE3A
Piperlongumine,PDE3B
Piperlongumine,PLK1
Piperlongumine,CES2
Piperlongumine,IKBKE
Piperlongumine,TBK1
Piperlongumine,RGS4
Piperlongumine,RAF1
Piperlongumine,ADORA2B
Piperlongumine,HCAR2
Piperlongumine,MAPK11
Piperlongumine,TTK
Piperlongumine,PDE10A
Piperlongumine,PLK3
Piperlongumine,BRAF
Piperlongumine,PLK2
Piperlongumine,ABL1
Piperlongumine,GRIN2A
Piperlongumine,GRIN1
Piperlongumine,SRC
Piperlongumine,MTOR
Piperlongumine,PRKDC
Piperlongumine,HCK
Piperlongumine,PI4KB
Piperlongumine,GRIA2
Piperlongumine,MMP10
Piperlongumine,PTK2B
Piperlongumine,FKBP1A
Piperlongumine,SLC27A1
Piperlongumine,PKN2
Piperlongumine,ROCK1
Piperlongumine,ADK
Piperlongumine,CDC42
Piperlongumine,TAAR1
Piperlongumine,GABRB3
Piperlongumine,GABRA3
Piperlongumine,GABRG2
Piperlongumine,GABRB3
Piperlongumine,GABRG2
Piperlongumine,GABRA1
Piperlongumine,GABRB3
Piperlongumine,GABRG2
Piperlongumine,GABRA5
Piperlongumine,GABRA2
Piperlongumine,GABRB3
Piperlongumine,GABRG2
Piperlongumine,EZH2
Piperlongumine,F10
Piperlongumine,CRHR1
Piperlongumine,CCND3
Piperlongumine,CCND1
Piperlongumine,CDK4
Piperlongumine,CCND2
Piperlongumine,MAPK8
Piperlongumine,GCK
Piperlongumine,HSP90AA1
Piperlongumine,TGFBR1
Pinocembrin,CYP19A1
Pinocembrin,CYP1B1
Pinocembrin,ABCG2
Pinocembrin,MAOB
Pinocembrin,ABCC1
Pinocembrin,SHBG
Pinocembrin,CA7
Pinocembrin,CA12
Pinocembrin,HSD17B1
Pinocembrin,CA4
Pinocembrin,ESR1
Pinocembrin,ESR2
Pinocembrin,TAS2R31
Pinocembrin,ADORA1
Pinocembrin,ADORA3
Pinocembrin,CBR1
Pinocembrin,PTGS1
Pinocembrin,PLA2G1B
Pinocembrin,GRM5
Pinocembrin,AKR1C3
Pinocembrin,CES2
Pinocembrin,BACE1
Pinocembrin,CES1
Pinocembrin,MMP13
Pinocembrin,MMP12
Pinocembrin,POLB
Pinocembrin,PLA2G5
Pinocembrin,PPARG
Pinocembrin,SLC5A2
Pinocembrin,KLK1
Pinocembrin,KLK2
Pinocembrin,KDR
Pinocembrin,RXRA
Pinocembrin,EDNRA
Pinocembrin,BCHE
Pinocembrin,ACHE
Pinocembrin,PLA2G2A
Pinocembrin,SERPINE1
Pinocembrin,PLA2G10
Pinocembrin,MET
Pinocembrin,DAO
Pinocembrin,ERN1
Pinocembrin,FLT4
Pinocembrin,PDGFRA
Pinocembrin,AURKB
Pinocembrin,GSK3B
Pinocembrin,AURKC
Pinocembrin,AURKA
Pinocembrin,TNKS2
Pinocembrin,TNKS
Pinocembrin,AKR1B1
Pinocembrin,CA3
Pinocembrin,PDGFRA
Pinocembrin,PDGFRB
Pinocembrin,CA2
Pinocembrin,CA1
Pinocembrin,ALPG
Pinocembrin,DNM1
Pinocembrin,ALPL
Pinocembrin,CA6
Pinocembrin,MAOA
Pinocembrin,XIAP
Pinocembrin,GUSB
Pinocembrin,CDC25A
Pinocembrin,ALK
Pinocembrin,COMT
Pinocembrin,RPS6KB2
Pinocembrin,CALM1
Pinocembrin,CDC25C
Pinocembrin,CDC25B
Pinocembrin,PTGER1
Pinocembrin,PTGER4
Pinocembrin,LCK
Pinocembrin,CTSL
Pinocembrin,CTSB
Pinocembrin,CDK2
Pinocembrin,CDK4
Pinocembrin,SRC
Pinocembrin,NEK1
Pinocembrin,MTOR
Pinocembrin,PIK3CG
Pinocembrin,PIK3CA
Pinocembrin,TLR9
Pinocembrin,PTGS2
Pinocembrin,GRM4
Pinocembrin,PLK4
Pinocembrin,CA9
Pinocembrin,GRM2
Pinocembrin,HDAC7
Pinocembrin,CYP11B2
Pinocembrin,KDM1A
Pinocembrin,CDK5R1
Pinocembrin,CDK5
Pinocembrin,CCNB3
Pinocembrin,CDK1
Pinocembrin,CCNB1
Pinocembrin,CCNB2
Pinocembrin,HNF4A
Pinocembrin,PGF
Pinocembrin,VEGFA
Pinocembrin,CISD1
Pinocembrin,TYMS
Pinocembrin,SLC9A1
Pinocembrin,PIK3CD
Pinocembrin,PRKDC
Phthalyl-DL-glutamic Acid,MMP1
Phthalyl-DL-glutamic Acid,CCKBR
Phthalyl-DL-glutamic Acid,F7
Phthalyl-DL-glutamic Acid,MMP9
Phthalyl-DL-glutamic Acid,MMP3
Phthalyl-DL-glutamic Acid,CDC25B
Phthalyl-DL-glutamic Acid,CA2
Phthalyl-DL-glutamic Acid,CA1
Phthalyl-DL-glutamic Acid,CA12
Phthalyl-DL-glutamic Acid,CA9
Phthalyl-DL-glutamic Acid,DHFR
Phthalyl-DL-glutamic Acid,ACHE
Phthalyl-DL-glutamic Acid,CAD
Phthalyl-DL-glutamic Acid,RRM1
Phthalyl-DL-glutamic Acid,ITGAL
Phthalyl-DL-glutamic Acid,ICAM1
Phthalyl-DL-glutamic Acid,ITGB2
Phthalyl-DL-glutamic Acid,KMO
Phthalyl-DL-glutamic Acid,DPP7
Phthalyl-DL-glutamic Acid,DPP8
Phthalyl-DL-glutamic Acid,FAP
Phthalyl-DL-glutamic Acid,DPP9
Phthalyl-DL-glutamic Acid,FOLH1
Phthalyl-DL-glutamic Acid,ITGA2B
Phthalyl-DL-glutamic Acid,ITGB3
Phthalyl-DL-glutamic Acid,APEX1
Phthalyl-DL-glutamic Acid,KDM4E
Phthalyl-DL-glutamic Acid,KDM2A
Phthalyl-DL-glutamic Acid,PHF8
Phthalyl-DL-glutamic Acid,KDM5C
Phthalyl-DL-glutamic Acid,GSR
Phthalyl-DL-glutamic Acid,CPA3
Phthalyl-DL-glutamic Acid,KDM4B
Phthalyl-DL-glutamic Acid,KDM5B
Phthalyl-DL-glutamic Acid,AKR1A1
Phthalyl-DL-glutamic Acid,HDAC8
Phthalyl-DL-glutamic Acid,PARP1
Phthalyl-DL-glutamic Acid,MAOA
Phthalyl-DL-glutamic Acid,MAOB
Phthalyl-DL-glutamic Acid,PARP14
Phthalyl-DL-glutamic Acid,P4HA1
Phthalyl-DL-glutamic Acid,KDM4D
Phthalyl-DL-glutamic Acid,PREP
Phthalyl-DL-glutamic Acid,SLC1A1
Phthalyl-DL-glutamic Acid,DHCR7
Phthalyl-DL-glutamic Acid,EBP
Phthalyl-DL-glutamic Acid,PTGDR2
Phthalyl-DL-glutamic Acid,HTR2B
Phthalyl-DL-glutamic Acid,HTR1A
Phthalyl-DL-glutamic Acid,HRH1
Phthalyl-DL-glutamic Acid,DRD3
Phthalyl-DL-glutamic Acid,HTR7
Phthalyl-DL-glutamic Acid,PIM1
Phthalyl-DL-glutamic Acid,FBP1
Phthalyl-DL-glutamic Acid,ERCC5
Phthalyl-DL-glutamic Acid,FEN1
Phthalyl-DL-glutamic Acid,BCHE
Phthalyl-DL-glutamic Acid,PARP10
Phthalyl-DL-glutamic Acid,ADAMTS5
Phthalyl-DL-glutamic Acid,LIG1
Phthalyl-DL-glutamic Acid,CHRM2
Phthalyl-DL-glutamic Acid,TLR4
Phthalyl-DL-glutamic Acid,MMP2
Phthalyl-DL-glutamic Acid,HEXA
Phthalyl-DL-glutamic Acid,KDM3A
Phthalyl-DL-glutamic Acid,KDM6B
Phthalyl-DL-glutamic Acid,GSK3B
Phthalyl-DL-glutamic Acid,HEXB
Phthalyl-DL-glutamic Acid,OGA
Phthalyl-DL-glutamic Acid,KCNH2
Phthalyl-DL-glutamic Acid,CCR5
Phthalyl-DL-glutamic Acid,MME
Phthalyl-DL-glutamic Acid,P4HTM
Phthalyl-DL-glutamic Acid,AKR1C2
Phthalyl-DL-glutamic Acid,DLG4
Phthalyl-DL-glutamic Acid,CCR3
Phthalyl-DL-glutamic Acid,ADA
Phthalyl-DL-glutamic Acid,KDM7A
Phthalyl-DL-glutamic Acid,CDA
Phthalyl-DL-glutamic Acid,TBXAS1
Phthalyl-DL-glutamic Acid,AGTR2
Phthalyl-DL-glutamic Acid,BACE1
Phthalyl-DL-glutamic Acid,SLC13A5
Phthalyl-DL-glutamic Acid,DUSP3
Phthalyl-DL-glutamic Acid,EGLN3
Phthalyl-DL-glutamic Acid,SLC16A1
Phthalyl-DL-glutamic Acid,CSNK2A1
Phthalyl-DL-glutamic Acid,PAM
Phthalyl-DL-glutamic Acid,PPM1B
Phthalyl-DL-glutamic Acid,EDNRB
Phthalyl-DL-glutamic Acid,EDNRA
Phthalyl-DL-glutamic Acid,NOTUM
Phthalyl-DL-glutamic Acid,PPP1CC
Phthalyl-DL-glutamic Acid,CTSK
Phthalyl-DL-glutamic Acid,CTSS
Phthalyl-DL-glutamic Acid,CTSB
Phthalyl-DL-glutamic Acid,KEAP1
Phthalyl-DL-glutamic Acid,SLC16A3
Phthalyl-DL-glutamic Acid,PYGM
Phthalyl-DL-glutamic Acid,FDPS
Phthalyl-DL-glutamic Acid,ACE
Phthalyl-DL-glutamic Acid,MAPK8
Phthalyl-DL-glutamic Acid,MAPK9
Phthalyl-DL-glutamic Acid,PIM2
Ellagic acid,GPR35
Ellagic acid,ERBB2
Ellagic acid,AKR1B1
Ellagic acid,CCND1
Ellagic acid,CDK4
Ellagic acid,PDGFRB
Ellagic acid,FLT4
Ellagic acid,IGF1R
Ellagic acid,INSR
Ellagic acid,EGFR
Ellagic acid,CA2
Ellagic acid,CDK2
Ellagic acid,CCNA1
Ellagic acid,CCNA2
Ellagic acid,AURKB
Ellagic acid,CA7
Ellagic acid,CA1
Ellagic acid,GSK3B
Ellagic acid,SRC
Ellagic acid,PTK2
Ellagic acid,KDR
Ellagic acid,PLK1
Ellagic acid,CA6
Ellagic acid,CA12
Ellagic acid,CA14
Ellagic acid,CA9
Ellagic acid,CSNK2A1
Ellagic acid,MET
Ellagic acid,CA4
Ellagic acid,PLK4
Ellagic acid,CA13
Ellagic acid,TEK
Ellagic acid,AKT1
Ellagic acid,AURKA
Ellagic acid,CA5A
Ellagic acid,BACE1
Ellagic acid,MAP3K8
Ellagic acid,BRAF
Ellagic acid,EPHB4
Ellagic acid,HSPA1A
Ellagic acid,NUAK1
Ellagic acid,SQLE
Ellagic acid,FGR
Ellagic acid,LYN
Ellagic acid,GSR
Ellagic acid,TNNC1
Ellagic acid,TNNT2
Ellagic acid,TNNI3
Ellagic acid,XDH
Ellagic acid,DAO
Ellagic acid,PTGS2
Ellagic acid,ESR1
Ellagic acid,ESR2
Ellagic acid,MAOA
Ellagic acid,HSD17B3
Ellagic acid,PTPN1
Ellagic acid,ALOX5
Ellagic acid,CBR1
Ellagic acid,CDK5R1
Ellagic acid,CDK5
Ellagic acid,CES2
Ellagic acid,CA5B
Ellagic acid,SNCA
Ellagic acid,ACHE
Ellagic acid,CYP1A2
Ellagic acid,ALDH2
Ellagic acid,GRK6
Ellagic acid,SRD5A1
Ellagic acid,CA3
Ellagic acid,KCNA3
Ellagic acid,MAOB
Ellagic acid,AKR1C3
Ellagic acid,AKR1C1
Ellagic acid,STS
Ellagic acid,PIM1
Ellagic acid,ALK
Ellagic acid,AXL
Ellagic acid,MIF
Ellagic acid,ERN1
Ellagic acid,CNR1
Ellagic acid,CNR2
Ellagic acid,NFKB1
Ellagic acid,KCNA5
Ellagic acid,APEX1
Ellagic acid,FYN
Ellagic acid,LCK
Ellagic acid,PON1
Ellagic acid,DYRK1A
Ellagic acid,BCHE
Ellagic acid,AR
Ellagic acid,ALOX15
Ellagic acid,PFKFB3
Ellagic acid,NQO1
Ellagic acid,SHBG
Ellagic acid,OPRK1
Ellagic acid,CYP19A1
Ellagic acid,PDE4D
Ellagic acid,IKBKB
Ellagic acid,NTRK2
Ellagic acid,TTR
Ellagic acid,CYP1B1
Ellagic acid,SLC6A3
Ellagic acid,SLC16A3
Ellagic acid,SIRT1
Ellagic acid,TERT
Ellagic acid,GPR55
Kermesic Acid,ESR2
Kermesic Acid,PTP4A3
Kermesic Acid,FTO
Kermesic Acid,CSNK2A1
Kermesic Acid,CYP19A1
Kermesic Acid,ELANE
Kermesic Acid,FNTA
Kermesic Acid,FNTB
Kermesic Acid,BCL2
Kermesic Acid,PIM1
Kermesic Acid,LIMK1
Kermesic Acid,ESR1
Kermesic Acid,LCK
Kermesic Acid,LDHA
Kermesic Acid,LDHB
Kermesic Acid,GRIK1
Kermesic Acid,GRIK2
Kermesic Acid,GRIK3
Kermesic Acid,MCL1
Kermesic Acid,PPARG
Kermesic Acid,GPR35
Kermesic Acid,INSR
Kermesic Acid,SELL
Kermesic Acid,SELE
Kermesic Acid,IGFBP3
Kermesic Acid,SELP
Kermesic Acid,ECE1
Kermesic Acid,NOX4
Kermesic Acid,AKR1C3
Kermesic Acid,CAMKK2
Kermesic Acid,CDC25A
Kermesic Acid,PTPN1
Kermesic Acid,AKR1B10
Kermesic Acid,PIK3CG
Kermesic Acid,PIK3CA
Kermesic Acid,RXRA
Kermesic Acid,AMPD3
Kermesic Acid,CSNK2A2
Kermesic Acid,PDCD4
Kermesic Acid,HNF4A
Kermesic Acid,GRK6
Kermesic Acid,CDK2
Kermesic Acid,ENPEP
Kermesic Acid,PYGL
Kermesic Acid,PYGM
Kermesic Acid,NEU4
Kermesic Acid,ACE
Kermesic Acid,HPRT1
Kermesic Acid,PRKCG
Kermesic Acid,PRKCD
Kermesic Acid,PRKCA
Kermesic Acid,PRKCB
Kermesic Acid,PRKCE
Kermesic Acid,F2
Kermesic Acid,PFKFB3
Kermesic Acid,MMP16
Kermesic Acid,MMP13
Kermesic Acid,MMP9
Kermesic Acid,MMP1
Kermesic Acid,MMP2
Kermesic Acid,MMP14
Kermesic Acid,MMP8
Kermesic Acid,PRKCH
Kermesic Acid,CRHR1
Kermesic Acid,DRD3
Kermesic Acid,POLB
Kermesic Acid,CASP3
Kermesic Acid,FASN
Kermesic Acid,ALB
Kermesic Acid,BAD
Kermesic Acid,ADAMTS5
Kermesic Acid,EGLN1
Kermesic Acid,FOLH1
Kermesic Acid,FDFT1
Kermesic Acid,P2RX3
Kermesic Acid,MME
Kermesic Acid,NR4A1
Kermesic Acid,ADORA1
Kermesic Acid,ACLY
Kermesic Acid,PTGDR2
Kermesic Acid,KDM4D
Kermesic Acid,KDM4C
Kermesic Acid,CASP6
Kermesic Acid,CASP7
Kermesic Acid,CASP8
Kermesic Acid,CASP1
Kermesic Acid,CASP2
Kermesic Acid,FYN
Kermesic Acid,TTR
Kermesic Acid,AMY2A
Kermesic Acid,NAALAD2
Kermesic Acid,BCL2A1
Kermesic Acid,MKNK2
Kermesic Acid,PNP
Kermesic Acid,EGFR
Kermesic Acid,FPGS
Kermesic Acid,SRD5A2
Kermesic Acid,ERN1
Kermesic Acid,FUCA1
Kermesic Acid,TREH
Kermesic Acid,CDA
Glaurin,PRKCA
Glaurin,PRKCH
Glaurin,PAM
Glaurin,PRKCQ
Glaurin,PRKCG
Glaurin,PRKCE
Glaurin,SIRT2
Glaurin,SCD
Glaurin,GYS1
Glaurin,PSEN2
Glaurin,PSENEN
Glaurin,NCSTN
Glaurin,APH1A
Glaurin,PSEN1
Glaurin,APH1B
Glaurin,S1PR3
Glaurin,S1PR1
Glaurin,ACACB
Glaurin,PAK1
Glaurin,KCNH2
Glaurin,VDR
Glaurin,ABL1
Glaurin,PFKFB3
Glaurin,MAPK14
Glaurin,IKBKE
Glaurin,TBK1
Glaurin,PIK3CB
Glaurin,PIK3CA
Glaurin,PDE10A
Glaurin,IGF1R
Glaurin,PLA2G2A
Glaurin,SMO
Glaurin,CCNT1
Glaurin,CTSL
Glaurin,RAF1
Glaurin,ITGAL
Glaurin,ICAM1
Glaurin,ITGB2
Glaurin,OPRK1
Glaurin,ROCK2
Glaurin,AURKA
Glaurin,LIPG
Glaurin,APP
Glaurin,CTSB
Glaurin,ADORA3
Glaurin,PDE4B
Glaurin,PDE7A
Glaurin,SLC8A1
Glaurin,ERBB2
Glaurin,EGFR
Glaurin,MAPK8
Glaurin,MAPK10
Glaurin,CDK2
Glaurin,CDK1
Glaurin,SAE1
Glaurin,AURKB
Glaurin,MTOR
Glaurin,TAB1
Glaurin,MAP3K7
Glaurin,EP300
Glaurin,KAT2B
Glaurin,MAP3K7
Glaurin,EIF2AK1
Glaurin,NAMPT
Glaurin,CCNE1
Glaurin,CDK2
Glaurin,ACKR3
Glaurin,ADORA1
Glaurin,CDK5
Glaurin,MAP2K1
Glaurin,FASN
Glaurin,TYMS
Glaurin,SYK
Glaurin,ADORA2A
Glaurin,ADORA2B
Glaurin,NPY5R
Glaurin,UGT2B7
Glaurin,KDR
Glaurin,P2RY12
Glaurin,JAK1
Glaurin,JAK2
Glaurin,GPR52
Glaurin,COL4A3BP
Glaurin,TYK2
Glaurin,TTK
Glaurin,SLC5A1
Glaurin,PGGT1B
Glaurin,FNTA
Glaurin,PDE2A
Glaurin,NTRK1
Glaurin,BMP1
Glaurin,ALK
Glaurin,MET
Glaurin,ALOX5
Glaurin,PTK2
Glaurin,GABRA5
Glaurin,PI4KB
Glaurin,MCHR1
Glaurin,MAPK1
Glaurin,CHEK1
Glaurin,PRF1
Glaurin,OPRL1
Glaurin,SRC
Glaurin,S1PR2
Glaurin,HTR1A
Glaurin,ABCB1
Glaurin,CFD
Glaurin,BRAF
Glaurin,EPHB4
Glaurin,EIF2AK4
Nootkatone,CYP19A1
Nootkatone,SRD5A1
Nootkatone,SRD5A2
Nootkatone,NR1I3
Nootkatone,CYP17A1
Nootkatone,NR1I2
Nootkatone,FABP1
Nootkatone,AR
Nootkatone,PGR
Nootkatone,SIGMAR1
Nootkatone,HSD17B3
Nootkatone,NR3C1
Nootkatone,NR3C2
Nootkatone,SERPINA6
Nootkatone,SHBG
Nootkatone,HSD11B1
Nootkatone,NPC1L1
Nootkatone,PTGES
Nootkatone,SLC6A3
Nootkatone,MAPK3
Nootkatone,PRKCH
Nootkatone,HSD11B2
Nootkatone,PTPN11
Nootkatone,AKR1B10
Nootkatone,PTPN2
Nootkatone,BACE1
Nootkatone,CTSD
Nootkatone,PTGS1
Nootkatone,NOS2
Nootkatone,FAAH
Nootkatone,ALOX5
Nootkatone,RORA
Nootkatone,CDC25A
Nootkatone,ADORA3
Nootkatone,CES1
Nootkatone,CCR5
Nootkatone,P2RX7
Nootkatone,PTPN1
Nootkatone,ADH1A
Nootkatone,TRPV1
Nootkatone,TRPA1
Nootkatone,MTNR1A
Nootkatone,BCHE
Nootkatone,CES2
Nootkatone,MTNR1B
Nootkatone,MAOA
Nootkatone,MAOB
Nootkatone,SLC6A4
Nootkatone,CTSK
Nootkatone,DRD2
Nootkatone,CACNA1B
Nootkatone,ESR1
Nootkatone,ESR2
Nootkatone,PSEN2
Nootkatone,PSENEN
Nootkatone,NCSTN
Nootkatone,APH1A
Nootkatone,PSEN1
Nootkatone,APH1B
Nootkatone,GLI2
Nootkatone,GLI1
Nootkatone,NR1H3
Nootkatone,PTPN6
Nootkatone,EPHX1
Nootkatone,PARP1
Nootkatone,CHRM1
Nootkatone,ADH1C
Nootkatone,FDFT1
Nootkatone,HSD17B2
Nootkatone,NQO2
Nootkatone,BRD4
Nootkatone,TYMS
Nootkatone,DRD4
Nootkatone,TSPO
Nootkatone,CTSL
Nootkatone,CTSB
Nootkatone,SCN2A
Nootkatone,SCN10A
Nootkatone,EPHX2
Nootkatone,PSMB5
Nootkatone,PABPC1
Nootkatone,CYP11B1
Nootkatone,CYP11B2
Nootkatone,AKT1
Nootkatone,CA7
Nootkatone,GRM5
Nootkatone,HSD17B1
Nootkatone,PREP
Nootkatone,AHR
Nootkatone,IDO1
Nootkatone,HLCS
Nootkatone,MMP13
Nootkatone,MMP1
Nootkatone,ADH1B
Nootkatone,ADH7
Nootkatone,HSP90AA1
Nootkatone,GRK2
Nootkatone,PPARA
Nootkatone,FABP5
Nootkatone,PPARD
Nootkatone,FNTA
Nootkatone,FNTB
Nootkatone,PPIA
Nootkatone,ABCG2
Nootkatone,HTR2A
Nootkatone,MPO
Galanthamine,BCHE
Galanthamine,ACHE
Galanthamine,OPRM1
Galanthamine,OPRD1
Galanthamine,OPRK1
Galanthamine,ABCB1
Galanthamine,NQO2
Galanthamine,SIGMAR1
Galanthamine,OPRL1
Galanthamine,CNR2
Galanthamine,NQO1
Galanthamine,PARP1
Galanthamine,HRH1
Galanthamine,IDH1
Galanthamine,PTK2B
Galanthamine,CA2
Galanthamine,CA12
Galanthamine,CA9
Galanthamine,OGFRL1
Galanthamine,EGFR
Galanthamine,SLC18A2
Galanthamine,KCNH2
Galanthamine,CNR1
Galanthamine,TLR4
Galanthamine,ADORA3
Galanthamine,CYP2D6
Galanthamine,CCR5
Galanthamine,GPR18
Galanthamine,GLRA1
Galanthamine,DRD3
Galanthamine,CHRNA4
Galanthamine,CHRNB2
Galanthamine,ADRA1B
Galanthamine,ADRA1A
Galanthamine,TRPV3
Galanthamine,CHRNA7
Galanthamine,CXCR3
Galanthamine,HTR2A
Galanthamine,KDR
Galanthamine,DPP4
Galanthamine,CHRM1
Galanthamine,CHRM2
Galanthamine,MTNR1A
Galanthamine,MTNR1B
Galanthamine,HRH3
Galanthamine,PTGIR
Galanthamine,CCKBR
Galanthamine,SLC6A4
Galanthamine,SLC6A3
Galanthamine,REN
Galanthamine,RBBP9
Galanthamine,ADRA2A
Galanthamine,ADRA2C
Galanthamine,KCNN1
Galanthamine,KCNN3
Galanthamine,KCNN2
Galanthamine,PDE1A
Galanthamine,F3
Galanthamine,CDC42
Galanthamine,DRD1
Galanthamine,DRD2
Ethylmorphine,OPRD1
Ethylmorphine,OPRM1
Ethylmorphine,SIGMAR1
Ethylmorphine,OPRK1
Ethylmorphine,OPRL1
Ethylmorphine,KCNH2
Ethylmorphine,ACHE
Ethylmorphine,BCHE
Ethylmorphine,CHRM4
Ethylmorphine,CHRM5
Ethylmorphine,CHRM3
Ethylmorphine,SLC6A2
Ethylmorphine,ADRA1D
Ethylmorphine,ABCB1
Ethylmorphine,OGFRL1
Ethylmorphine,HTR1F
Ethylmorphine,CHRNB3
Ethylmorphine,CHRNA6
Ethylmorphine,CHRNB2
Ethylmorphine,CHRNA3
Ethylmorphine,JAK1
Ethylmorphine,HTR3A
Ethylmorphine,PDE7A
Ethylmorphine,AR
Ethylmorphine,PARP1
Ethylmorphine,ADRB2
Ethylmorphine,ADRB1
Ethylmorphine,ADRB3
Ethylmorphine,CHRNA4
Ethylmorphine,TNNC1
Ethylmorphine,TNNT2
Ethylmorphine,TNNI3
Ethylmorphine,CDK9
Ethylmorphine,TOP2A
Ethylmorphine,HTR7
Ethylmorphine,MTAP
Ethylmorphine,ADRA2B
Ethylmorphine,HTR6
Ethylmorphine,MAOA
Ethylmorphine,PDE9A
Ethylmorphine,PDE1C
Ethylmorphine,SCN5A
Ethylmorphine,KCNA5
Ethylmorphine,KDM1A
Ethylmorphine,TRPV3
Ethylmorphine,ILK
Ethylmorphine,PNMT
Ethylmorphine,GSK3B
Ethylmorphine,GSK3A
Ethylmorphine,PDE5A
Ethylmorphine,PDE11A
Ethylmorphine,PDE10A
Ethylmorphine,SLC6A9
Ethylmorphine,LRRK2
Ethylmorphine,HRH4
Ethylmorphine,ERBB2
Ethylmorphine,EGFR
Ethylmorphine,DPP7
Ethylmorphine,FAP
Ethylmorphine,FDFT1
Ethylmorphine,XIAP
Ethylmorphine,PNP
Ethylmorphine,NOS2
Ethylmorphine,KISS1R
Ethylmorphine,BIRC2
Ethylmorphine,GRIN1
Ethylmorphine,GRIN2B
Ethylmorphine,DUSP3
Ethylmorphine,IDO1
Ethylmorphine,PRMT6
Ethylmorphine,CTSC
Ethylmorphine,ROCK2
Ethylmorphine,PRMT8
Ethylmorphine,PRMT1
Ethylmorphine,TAAR1
Ethylmorphine,IGF1R
Ethylmorphine,CCR1
Ethylmorphine,HTR2A
Ethylmorphine,MAP2K1
Ethylmorphine,RPS6KB1
Ethylmorphine,AURKA
Ethylmorphine,PLG
Ethylmorphine,DPP8
Ethylmorphine,CYP51A1
Ethylmorphine,BAZ2B
Ethylmorphine,BAZ2A
Ethylmorphine,CYP1A2
Ethylmorphine,MCHR1
Ethylmorphine,PRKDC
Ethylmorphine,XPNPEP1
Ethylmorphine,LAP3
Ethylmorphine,PEPD
Ethylmorphine,XPNPEP2
Ethylmorphine,F2
Ethylmorphine,F10
Ethylmorphine,MAPK14
Ethylmorphine,MAPK11
Ethylmorphine,CA2
Ethylmorphine,CA1
Ethylmorphine,CA9
Ethylmorphine,DPP9
Ethylmorphine,LTA4H
Ethylmorphine,ROCK2
Ethylmorphine,ROCK1
Ethylmorphine,NOS1
Ethylmorphine,UTS2R
Ethylmorphine,MAPK9
Naringenin,CYP19A1
Naringenin,CA7
Naringenin,ABCC1
Naringenin,HSD17B1
Naringenin,CA12
Naringenin,SHBG
Naringenin,CA4
Naringenin,CYP1B1
Naringenin,CBR1
Naringenin,ESR1
Naringenin,ESR2
Naringenin,PTGS1
Naringenin,MAOB
Naringenin,ADORA1
Naringenin,ADORA3
Naringenin,ABCG2
Naringenin,TAS2R31
Naringenin,AKR1C3
Naringenin,PLA2G1B
Naringenin,GRM5
Naringenin,CES1
Naringenin,PPARG
Naringenin,CES2
Naringenin,SLC5A2
Naringenin,MMP12
Naringenin,POLB
Naringenin,MMP13
Naringenin,PLA2G2A
Naringenin,PLA2G5
Naringenin,PLA2G10
Naringenin,BACE1
Naringenin,CHRNA7
Naringenin,KLK1
Naringenin,KLK2
Naringenin,RXRA
Naringenin,SERPINE1
Naringenin,SRC
Naringenin,CA2
Naringenin,CA1
Naringenin,HSD17B14
Naringenin,KIT
Naringenin,KDR
Naringenin,FGFR1
Naringenin,MET
Naringenin,CA3
Naringenin,CA6
Naringenin,CA13
Naringenin,CA5B
Naringenin,CA5A
Naringenin,NQO2
Naringenin,CTSB
Naringenin,NOX4
Naringenin,AKR1B1
Naringenin,CLK1
Naringenin,DYRK1B
Naringenin,BCHE
Naringenin,CA9
Naringenin,ESRRA
Naringenin,ESRRB
Naringenin,CDK5R1
Naringenin,CDK5
Naringenin,IGF1R
Naringenin,INSR
Naringenin,DYRK1A
Naringenin,HSD17B2
Naringenin,IGFBP3
Naringenin,MMP2
Naringenin,YWHAG
Naringenin,SIRT2
Naringenin,F3
Naringenin,PTGER1
Naringenin,PTGER2
Naringenin,PTGER3
Naringenin,BCL2L1
Naringenin,PIK3CB
Naringenin,CYP2C9
Naringenin,CYP3A4
Naringenin,PIK3CA
Naringenin,VCP
Naringenin,PGF
Naringenin,VEGFA
Naringenin,EDNRA
Naringenin,ERN1
Naringenin,MMP3
Naringenin,APP
Naringenin,GSK3B
Naringenin,BCL2
Naringenin,MMP9
Naringenin,WEE1
Naringenin,LCK
Naringenin,SYK
Naringenin,CCNE1
Naringenin,CDK2
Naringenin,CCNE1
Naringenin,CDK3
Naringenin,CDK4
Naringenin,AURKA
Naringenin,SNCA
Naringenin,ALOX12
Naringenin,HNF4A
Naringenin,CDK1
Naringenin,CCNB1
Naringenin,GRK2
Naringenin,DUSP3
Eugenol,FADS1
Eugenol,HDAC6
Eugenol,EGLN1
Eugenol,VEGFA
Eugenol,CA2
Eugenol,GPR84
Eugenol,PTGS1
Eugenol,DAO
Eugenol,PARP1
Eugenol,SRC
Eugenol,ADORA1
Eugenol,ADORA2A
Eugenol,SRD5A1
Eugenol,CHRNA3
Eugenol,CHRNA4
Eugenol,CXCR2
Eugenol,DCTPP1
Eugenol,ALPL
Eugenol,METAP2
Eugenol,CBR1
Eugenol,KCNMA1
Eugenol,ALOX15
Eugenol,CHRNA3
Eugenol,CHRNB4
Eugenol,KDR
Eugenol,HDAC8
Eugenol,AR
Eugenol,PSMB5
Eugenol,TDO2
Eugenol,CHRNA4
Eugenol,CHRNB2
Eugenol,HSD17B3
Eugenol,CYP17A1
Eugenol,AURKA
Eugenol,GRM5
Eugenol,TTR
Eugenol,HSD17B2
Eugenol,DRD2
Eugenol,PTPN22
Eugenol,TLR9
Eugenol,TUBB1
Eugenol,JAK1
Eugenol,JAK2
Eugenol,TYK2
Eugenol,BRAF
Eugenol,TYMS
Eugenol,UPP1
Eugenol,MPI
Eugenol,DUSP3
Eugenol,PDE7A
Eugenol,FGFR1
Eugenol,CA5A
Eugenol,RPS6KA3
Eugenol,MMP9
Eugenol,NOS1
Eugenol,CHEK1
Eugenol,CHRM5
Eugenol,CDK2
Eugenol,TYMP
Eugenol,TLR7
Eugenol,EPAS1
Eugenol,MMP1
Eugenol,PDE5A
Eugenol,MAPK8
Eugenol,MAPK10
Eugenol,MAPK9
Eugenol,F2
Eugenol,AKT1
Eugenol,CDC25B
Eugenol,CA1
Eugenol,CA12
Eugenol,CA9
Eugenol,PLK4
Eugenol,CLK4
Eugenol,CLK2
Eugenol,AOC3
Eugenol,ABCB1
Eugenol,HDAC2
Eugenol,TGFBR1
Eugenol,MAPK14
Eugenol,GRM4
Eugenol,TMIGD3
Eugenol,ACHE
Eugenol,MIF
Eugenol,DRD1
Eugenol,BCAT2
Eugenol,AURKB
Eugenol,CDK1
Eugenol,SERPINH1
Eugenol,CTSV
Eugenol,CTSL
Eugenol,CDC7
Eugenol,PDE7B
Eugenol,FTO
Eugenol,PNP
Eugenol,DRD4
Eugenol,FLT3
Eugenol,MB
Eugenol,CA3
Eugenol,NOS3
Eugenol,DRD5
Eugenol,PTPRC
Neochanin,IL2
Neochanin,CYP19A1
Neochanin,ALDH2
Neochanin,CA12
Neochanin,ADORA1
Neochanin,ADORA2A
Neochanin,TBXAS1
Neochanin,MAOA
Neochanin,MGAM
Neochanin,HTR2A
Neochanin,HTR2C
Neochanin,ESRRA
Neochanin,ESRRB
Neochanin,ABCG2
Neochanin,CA7
Neochanin,HSD17B2
Neochanin,CA4
Neochanin,CBR1
Neochanin,SLC6A2
Neochanin,ALOX12
Neochanin,EGFR
Neochanin,TYR
Neochanin,XDH
Neochanin,PFKFB3
Neochanin,ESR2
Neochanin,PTPRS
Neochanin,HSD17B1
Neochanin,ABCB1
Neochanin,ESR1
Neochanin,MIF
Neochanin,ALOX15
Neochanin,PPARA
Neochanin,PTGS1
Neochanin,TLR9
Neochanin,MAOB
Neochanin,CA2
Neochanin,CA1
Neochanin,NOX4
Neochanin,PON1
Neochanin,TNKS2
Neochanin,TNKS
Neochanin,ACHE
Neochanin,CA3
Neochanin,CA6
Neochanin,CA14
Neochanin,CA13
Neochanin,CA5B
Neochanin,CA5A
Neochanin,DHODH
Neochanin,STS
Neochanin,ERCC5
Neochanin,FEN1
Neochanin,RAF1
Neochanin,CA9
Neochanin,PTPN1
Neochanin,BACE1
Neochanin,TYK2
Neochanin,BCL2
Neochanin,PPARG
Neochanin,EZR
Neochanin,BAD
Neochanin,IKBKE
Neochanin,CYP1B1
Neochanin,CHEK1
Neochanin,MCL1
Neochanin,ALOX5
Neochanin,AVPR1A
Neochanin,PLA2G4A
Neochanin,TNF
Neochanin,GRK6
Neochanin,AKR1B1
Neochanin,ABL1
Neochanin,HCK
Neochanin,PI4KB
Neochanin,HSP90AB1
Neochanin,EPHB4
Neochanin,KIT
Neochanin,OPRD1
Neochanin,PTK6
Neochanin,KIF11
Neochanin,KDM5C
Neochanin,KDM4A
Neochanin,KDM4D
Neochanin,KDM4C
Neochanin,CNOT7
Neochanin,AURKB
Neochanin,GSK3B
Neochanin,LIG1
Neochanin,HSP90AA1
Neochanin,BIRC5
Neochanin,KCNMA1
Neochanin,FLT3
Neochanin,LRRK2
Neochanin,GCGR
Neochanin,PTGER1
Neochanin,PTGER2
Neochanin,PTGER3
Neochanin,PTGDR
Neochanin,PLG
Neochanin,CCNB3
Neochanin,CDK1
Neochanin,CCNB1
Neochanin,CCNB2
Galloylglucose,AKR1B1
Galloylglucose,SQLE
Galloylglucose,F10
Galloylglucose,AMY1A
Galloylglucose,SERPINE1
Galloylglucose,BACE1
Galloylglucose,PTPN2
Galloylglucose,PTPN1
Galloylglucose,PNP
Galloylglucose,ADORA2A
Galloylglucose,ADORA3
Galloylglucose,VCP
Galloylglucose,TNNC1
Galloylglucose,TNNT2
Galloylglucose,TNNI3
Galloylglucose,ADA
Galloylglucose,TYMP
Galloylglucose,HSP90AA1
Galloylglucose,MGAM
Galloylglucose,CA4
Galloylglucose,IMPDH1
Galloylglucose,ADK
Galloylglucose,GSK3B
Galloylglucose,CA13
Galloylglucose,AHCY
Galloylglucose,HK2
Galloylglucose,HK1
Galloylglucose,CA6
Galloylglucose,CA5A
Galloylglucose,CCND1
Galloylglucose,CDK4
Galloylglucose,CDK1
Galloylglucose,CCNB1
Galloylglucose,FUCA1
Galloylglucose,VEGFA
Galloylglucose,FGF1
Galloylglucose,FGF2
Galloylglucose,HPSE
Galloylglucose,TDP1
Galloylglucose,MCL1
Galloylglucose,GAA
Galloylglucose,MMP3
Galloylglucose,MMP9
Galloylglucose,MMP1
Galloylglucose,ADAM17
Galloylglucose,HSPA8
Galloylglucose,HSPA5
Galloylglucose,ADH1A
Galloylglucose,GGH
Galloylglucose,TARS
Galloylglucose,CA3
Galloylglucose,PYGL
Galloylglucose,HDAC1
Galloylglucose,FOLH1
Galloylglucose,DPP4
Galloylglucose,LGALS3
Galloylglucose,DUT
Galloylglucose,PRKCG
Galloylglucose,PRKCD
Galloylglucose,PRKCB
Galloylglucose,PRKCE
Galloylglucose,PRKCH
Galloylglucose,PRKCQ
Galloylglucose,HPRT1
Galloylglucose,SI
Galloylglucose,LGALS9
Galloylglucose,ST6GAL1
Galloylglucose,P2RX3
Galloylglucose,TREH
Galloylglucose,SLC6A2
Galloylglucose,CDK2
Galloylglucose,CCNA1
Galloylglucose,CCNA2
Galloylglucose,GBA
Galloylglucose,OGA
Galloylglucose,MAPK1
Galloylglucose,IDO1
Galloylglucose,LDHB
Galloylglucose,GRK1
Galloylglucose,PTAFR
Galloylglucose,GAPDH
Galloylglucose,SSTR5
Galloylglucose,SSTR2
Galloylglucose,SSTR4
Galloylglucose,SSTR1
Galloylglucose,SSTR3
Galloylglucose,AKR1C3
Galloylglucose,FHIT
Galloylglucose,ADORA2B
Galloylglucose,CDA
Galloylglucose,SLC28A3
Galloylglucose,MMP13
Galloylglucose,MMP7
Galloylglucose,MMP8
Galloylglucose,TRPM2
Galloylglucose,HRAS
Galloylglucose,SELP
Galloylglucose,POLA1
Galloylglucose,POLG
Galloylglucose,ACHE
Galloylglucose,ESR1
Galloylglucose,TP53
Galloylglucose,ADORA1
Galloylglucose,KDM4E
Galloylglucose,FYN
Galloylglucose,LCK
Abietic Acid,TOP2A
Abietic Acid,PTGES
Abietic Acid,PPARG
Abietic Acid,NR1H3
Abietic Acid,CES2
Abietic Acid,PTPN1
Abietic Acid,CDC25A
Abietic Acid,CDC25B
Abietic Acid,HSD11B1
Abietic Acid,POLB
Abietic Acid,PPARA
Abietic Acid,PPARD
Abietic Acid,ALOX5
Abietic Acid,PTPN2
Abietic Acid,TNF
Abietic Acid,PRKCH
Abietic Acid,PTPN11
Abietic Acid,SRD5A2
Abietic Acid,PREP
Abietic Acid,LTB4R
Abietic Acid,AKR1B10
Abietic Acid,FABP4
Abietic Acid,PTGER1
Abietic Acid,PTGER2
Abietic Acid,SLC22A12
Abietic Acid,NR3C1
Abietic Acid,SHBG
Abietic Acid,HMGCR
Abietic Acid,SERPINA6
Abietic Acid,ACP1
Abietic Acid,G6PD
Abietic Acid,CYP51A1
Abietic Acid,FFAR1
Abietic Acid,VDR
Abietic Acid,PTGS1
Abietic Acid,TOP1
Abietic Acid,PTGES2
Abietic Acid,MDM2
Abietic Acid,BCHE
Abietic Acid,BACE1
Abietic Acid,ALOX12
Abietic Acid,TRPA1
Abietic Acid,RARG
Abietic Acid,TP53
Abietic Acid,ESR1
Abietic Acid,ESR2
Abietic Acid,PTGER4
Abietic Acid,PTGDR2
Abietic Acid,NPC1L1
Abietic Acid,SIGMAR1
Abietic Acid,CYP17A1
Abietic Acid,PDE4D
Abietic Acid,FABP1
Abietic Acid,AR
Abietic Acid,PSEN2
Abietic Acid,PSENEN
Abietic Acid,NCSTN
Abietic Acid,APH1A
Abietic Acid,PSEN1
Abietic Acid,APH1B
Abietic Acid,HAO1
Abietic Acid,HSD11B2
Abietic Acid,RXRA
Abietic Acid,PTGS2
Abietic Acid,PTPN6
Abietic Acid,PLA2G4A
Abietic Acid,FABP5
Abietic Acid,FNTA
Abietic Acid,FNTB
Abietic Acid,CD81
Abietic Acid,MAPK3
Abietic Acid,CYP19A1
Abietic Acid,FABP3
Abietic Acid,AGTR1
Abietic Acid,CMA1
Abietic Acid,CTSG
Abietic Acid,TRPM8
Abietic Acid,PRKCA
Abietic Acid,RASGRP3
Abietic Acid,RORA
Abietic Acid,CYP26B1
Abietic Acid,CYP26A1
Abietic Acid,RARB
Abietic Acid,RARA
Abietic Acid,NOS2
Abietic Acid,PTGDR
Abietic Acid,DAGLA
Abietic Acid,SAE1
Abietic Acid,UBA2
Abietic Acid,MME
Abietic Acid,BCL2L1
Abietic Acid,AGTR2
Abietic Acid,RORC
Abietic Acid,OXER1
Abietic Acid,DAGLB
Abietic Acid,PGR
Abietic Acid,RXRG
Abietic Acid,IMPDH2
Abietic Acid,IDO1
Abietic Acid,PDE4A
Abietic Acid,PDE4B
Abietic Acid,PDE4C
Abietic Acid,SLC16A1
Abietic Acid,GRM2
Abietic Acid,CCR9
Abietic Acid,MCL1
Abietic Acid,BCL2
(+)-Alantolactone,CYP19A1
(+)-Alantolactone,GSK3B
(+)-Alantolactone,CYP17A1
(+)-Alantolactone,PTGS2
(+)-Alantolactone,PTPN1
(+)-Alantolactone,HMGCR
(+)-Alantolactone,AR
(+)-Alantolactone,IKBKB
(+)-Alantolactone,BCL2L1
(+)-Alantolactone,PGR
(+)-Alantolactone,HSD11B1
(+)-Alantolactone,CYP11B1
(+)-Alantolactone,CYP11B2
(+)-Alantolactone,ACHE
(+)-Alantolactone,TBXAS1
(+)-Alantolactone,FLT3
(+)-Alantolactone,CHRM2
(+)-Alantolactone,CHRM1
(+)-Alantolactone,MPO
(+)-Alantolactone,TYMS
(+)-Alantolactone,ADH1A
(+)-Alantolactone,FNTA
(+)-Alantolactone,FNTB
(+)-Alantolactone,EPHX1
(+)-Alantolactone,NOS2
(+)-Alantolactone,HTR1A
(+)-Alantolactone,PRKCE
(+)-Alantolactone,KCNK2
(+)-Alantolactone,SLC6A3
(+)-Alantolactone,TNF
(+)-Alantolactone,PRKDC
(+)-Alantolactone,PARP1
(+)-Alantolactone,TLR9
(+)-Alantolactone,CEL
(+)-Alantolactone,F2
(+)-Alantolactone,PRSS1
(+)-Alantolactone,TTL
(+)-Alantolactone,KIF11
(+)-Alantolactone,CTSK
(+)-Alantolactone,XPO1
(+)-Alantolactone,PDE4D
(+)-Alantolactone,EPAS1
(+)-Alantolactone,SRD5A1
(+)-Alantolactone,CA3
(+)-Alantolactone,CA12
(+)-Alantolactone,CA9
(+)-Alantolactone,CA5B
(+)-Alantolactone,CA5A
(+)-Alantolactone,IMPDH2
(+)-Alantolactone,NR3C1
(+)-Alantolactone,NR3C2
(+)-Alantolactone,OPRK1
(+)-Alantolactone,DRD4
(+)-Alantolactone,PTGES
(+)-Alantolactone,ADRA2C
(+)-Alantolactone,LRRK2
(+)-Alantolactone,HSD11B2
(+)-Alantolactone,ABCB1
(+)-Alantolactone,SLC6A2
(+)-Alantolactone,PABPC1
(+)-Alantolactone,PTPRC
(+)-Alantolactone,ADH1C
(+)-Alantolactone,EDNRA
(+)-Alantolactone,PGGT1B
(+)-Alantolactone,FNTA
(+)-Alantolactone,BRD9
(+)-Alantolactone,SRD5A2
(+)-Alantolactone,POLA1
(+)-Alantolactone,POLB
(+)-Alantolactone,CYP2A6
(+)-Alantolactone,PRKCA
(+)-Alantolactone,PRKCD
(+)-Alantolactone,ACP1
(+)-Alantolactone,CTRC
(+)-Alantolactone,TBXA2R
(+)-Alantolactone,MAOB
(+)-Alantolactone,PIK3CD
(+)-Alantolactone,PIK3R1
(+)-Alantolactone,MAPK14
(+)-Alantolactone,METAP2
(+)-Alantolactone,CTSL
(+)-Alantolactone,CTSB
(+)-Alantolactone,PPARG
(+)-Alantolactone,CHRNA3
(+)-Alantolactone,CHRNB4
(+)-Alantolactone,AHR
(+)-Alantolactone,P2RX7
(+)-Alantolactone,GLI2
(+)-Alantolactone,IL1B
(+)-Alantolactone,ELANE
(+)-Alantolactone,PTPN2
(+)-Alantolactone,MTNR1A
(+)-Alantolactone,MTNR1B
(+)-Alantolactone,CDC25C
(+)-Alantolactone,CA2
(+)-Alantolactone,JUN
(+)-Alantolactone,GRM5
(+)-Alantolactone,HSD17B3
(+)-Alantolactone,EGFR
(+)-Alantolactone,GABRB3
(+)-Alantolactone,GABRG2
(+)-Alantolactone,GABRA5
(+)-Alantolactone,SIRT2
(+)-Alantolactone,DNTT
(+)-Alantolactone,TACR2
(+)-Alantolactone,ALOX15
Coumurrayin,PDE4D
Coumurrayin,XPO1
Coumurrayin,CNR2
Coumurrayin,CNR1
Coumurrayin,CA9
Coumurrayin,TRPA1
Coumurrayin,NQO2
Coumurrayin,SRD5A1
Coumurrayin,PTP4A3
Coumurrayin,CES1
Coumurrayin,CES2
Coumurrayin,GUSB
Coumurrayin,BDKRB2
Coumurrayin,MET
Coumurrayin,CA1
Coumurrayin,CA12
Coumurrayin,CA13
Coumurrayin,GABRB3
Coumurrayin,GABRG2
Coumurrayin,GABRA5
Coumurrayin,ADORA2B
Coumurrayin,SHH
Coumurrayin,CCNE2
Coumurrayin,CDK2
Coumurrayin,CCNE1
Coumurrayin,PDE2A
Coumurrayin,GRM4
Coumurrayin,CYP17A1
Coumurrayin,PDE10A
Coumurrayin,CHRNA4
Coumurrayin,CHRNB2
Coumurrayin,GRM5
Coumurrayin,GSK3B
Coumurrayin,PARP1
Coumurrayin,CA7
Coumurrayin,EPHX2
Coumurrayin,CTSK
Coumurrayin,CTSS
Coumurrayin,PARP2
Coumurrayin,TNKS2
Coumurrayin,TNKS
Coumurrayin,MAPK10
Coumurrayin,TRPV1
Coumurrayin,MAPK14
Coumurrayin,FGFR1
Coumurrayin,TAAR1
Coumurrayin,PRKCG
Coumurrayin,CCNB3
Coumurrayin,CDK1
Coumurrayin,CCNB1
Coumurrayin,CCNB2
Coumurrayin,DYRK1A
Coumurrayin,DYRK2
Coumurrayin,PDE1B
Coumurrayin,TGFBR1
Coumurrayin,DYRK1B
Coumurrayin,PDPK1
Coumurrayin,PDE3A
Coumurrayin,TGM2
Coumurrayin,PDE7A
Coumurrayin,CHEK1
Coumurrayin,NOS1
Coumurrayin,GPR139
Coumurrayin,NOS2
Coumurrayin,RELA
Coumurrayin,CCNE1
Coumurrayin,CDK2
Coumurrayin,SRC
Coumurrayin,KCNN3
Coumurrayin,CDK5
Coumurrayin,GRM2
Coumurrayin,ADORA2A
Coumurrayin,P2RX7
Coumurrayin,JAK2
Coumurrayin,TSPO
Coumurrayin,ACE
Coumurrayin,CDK2
Coumurrayin,FLT3
Coumurrayin,CCND3
Coumurrayin,CCND1
Coumurrayin,CDK4
Coumurrayin,CCND2
Coumurrayin,CLK1
Coumurrayin,HCRTR2
Coumurrayin,HCRTR1
Coumurrayin,NOTUM
Coumurrayin,PDE4A
Coumurrayin,GSR
Coumurrayin,PDE4B
Coumurrayin,PDE4C
Coumurrayin,CTSB
Coumurrayin,IGF1R
Coumurrayin,GYS1
Coumurrayin,SCN9A
Coumurrayin,TBXAS1
Coumurrayin,CDK7
Coumurrayin,CCNH
Coumurrayin,HMGCR
Coumurrayin,BRD4
Coumurrayin,BRD2
Coumurrayin,BRDT
Coumurrayin,BRD3
Coumurrayin,GABRB3
Coumurrayin,GABRA3
Coumurrayin,GABRG2
Coumurrayin,GABRB3
Coumurrayin,GABRG2
Coumurrayin,GABRA1
Coumurrayin,MMP13
Coumurrayin,PRKDC
Coumurrayin,MMP1
Coumurrayin,MMP8
Coumurrayin,SLC6A4
Coumurrayin,QPCT
Coumurrayin,IMPDH2
Coumurrayin,RPS6KA5
Coumurrayin,FFAR1
Dihydrocodeine,OPRM1
Dihydrocodeine,OPRD1
Dihydrocodeine,OPRK1
Dihydrocodeine,KCNH2
Dihydrocodeine,OPRL1
Dihydrocodeine,SIGMAR1
Dihydrocodeine,OGFRL1
Dihydrocodeine,HTR2A
Dihydrocodeine,DRD2
Dihydrocodeine,CYP2D6
Dihydrocodeine,DRD3
Dihydrocodeine,SLC18A3
Dihydrocodeine,HTR1A
Dihydrocodeine,HTR1D
Dihydrocodeine,TLR4
Dihydrocodeine,BCHE
Dihydrocodeine,ACHE
Dihydrocodeine,AR
Dihydrocodeine,HTR3A
Dihydrocodeine,KISS1R
Dihydrocodeine,TNNC1
Dihydrocodeine,TNNT2
Dihydrocodeine,TNNI3
Dihydrocodeine,ADORA3
Dihydrocodeine,SLC6A4
Dihydrocodeine,HTR2C
Dihydrocodeine,MTAP
Dihydrocodeine,PNP
Dihydrocodeine,CHRM2
Dihydrocodeine,CHRM1
Dihydrocodeine,CHRNB4
Dihydrocodeine,CHRNA2
Dihydrocodeine,CHRNA3
Dihydrocodeine,CHRNB2
Dihydrocodeine,KCNA5
Dihydrocodeine,CHRNA4
Dihydrocodeine,CHRNB2
Dihydrocodeine,JAK1
Dihydrocodeine,HTR1B
Dihydrocodeine,PNMT
Dihydrocodeine,CHRNA7
Dihydrocodeine,CCR5
Dihydrocodeine,HTR1F
Dihydrocodeine,ABCB1
Dihydrocodeine,CHRNB3
Dihydrocodeine,CHRNA6
Dihydrocodeine,CHRNB2
Dihydrocodeine,CHRNA3
Dihydrocodeine,PDE10A
Dihydrocodeine,PDE11A
Dihydrocodeine,CHRNA5
Dihydrocodeine,CHRNB2
Dihydrocodeine,CHRNA4
Dihydrocodeine,HRH4
Dihydrocodeine,CHRNA4
Dihydrocodeine,DRD4
Dihydrocodeine,SLC6A3
Dihydrocodeine,DUSP3
Dihydrocodeine,DPP7
Dihydrocodeine,FAP
Dihydrocodeine,GSK3B
Dihydrocodeine,GSK3A
Dihydrocodeine,HDAC4
Dihydrocodeine,NOS2
Dihydrocodeine,HTR2B
Dihydrocodeine,FDFT1
Dihydrocodeine,CTSC
Dihydrocodeine,LRRK2
Dihydrocodeine,IDO1
Dihydrocodeine,BAZ2B
Dihydrocodeine,BAZ2A
Dihydrocodeine,XIAP
Dihydrocodeine,BIRC2
Dihydrocodeine,CYP51A1
Dihydrocodeine,NOS1
Dihydrocodeine,NOS3
Dihydrocodeine,SLC6A2
Dihydrocodeine,CSF1R
Dihydrocodeine,HTR4
Dihydrocodeine,ROCK2
Dihydrocodeine,ROCK1
Dihydrocodeine,UTS2R
Dihydrocodeine,CYP1A2
Dihydrocodeine,CDK9
Dihydrocodeine,MAP2K1
Dihydrocodeine,CHRM3
Dihydrocodeine,TOP2A
Dihydrocodeine,ROCK2
Dihydrocodeine,PDE9A
Dihydrocodeine,PDE1C
Dihydrocodeine,DPP8
Dihydrocodeine,DPP9
Dihydrocodeine,PLG
Dihydrocodeine,ADRA1A
Dihydrocodeine,IGF1R
Dihydrocodeine,SLC18A2
Dihydrocodeine,MAPK14
Dihydrocodeine,RPS6KB1
Dihydrocodeine,AURKA
Dihydrocodeine,DPP4
Dihydrocodeine,MPO
Dihydrocodeine,EIF2AK3
Dihydrocodeine,PRMT6
Dihydrocodeine,PRMT8
Dihydrocodeine,PRMT1
Dihydrocodeine,PDE3A
Dihydrocodeine,JAK2
Dihydrocodeine,XPNPEP1
Dihydrocodeine,PEPD
Dihydrocodeine,XPNPEP2
Dihydrocodeine,CHEK1
(+)-podocarpic acid,POLA1
(+)-podocarpic acid,STS
(+)-podocarpic acid,NR1H3
(+)-podocarpic acid,NR1H2
(+)-podocarpic acid,HSD17B1
(+)-podocarpic acid,ESRRA
(+)-podocarpic acid,ESRRB
(+)-podocarpic acid,GPER1
(+)-podocarpic acid,ADCY10
(+)-podocarpic acid,ESR1
(+)-podocarpic acid,ESR2
(+)-podocarpic acid,HSD17B2
(+)-podocarpic acid,PTK2
(+)-podocarpic acid,ALK
(+)-podocarpic acid,CYP19A1
(+)-podocarpic acid,AR
(+)-podocarpic acid,AKR1C3
(+)-podocarpic acid,KDR
(+)-podocarpic acid,NR3C1
(+)-podocarpic acid,HDAC3
(+)-podocarpic acid,HDAC6
(+)-podocarpic acid,HSD11B1
(+)-podocarpic acid,SLC22A2
(+)-podocarpic acid,SLC6A2
(+)-podocarpic acid,SLC6A3
(+)-podocarpic acid,NR1I3
(+)-podocarpic acid,SLC6A4
(+)-podocarpic acid,SHBG
(+)-podocarpic acid,HTR2B
(+)-podocarpic acid,PGR
(+)-podocarpic acid,ALOX15
(+)-podocarpic acid,ALOX12
(+)-podocarpic acid,CYP24A1
(+)-podocarpic acid,SRC
(+)-podocarpic acid,HTR1A
(+)-podocarpic acid,IGF1R
(+)-podocarpic acid,PTGFR
(+)-podocarpic acid,HCAR2
(+)-podocarpic acid,OPRD1
(+)-podocarpic acid,FYN
(+)-podocarpic acid,DUSP3
(+)-podocarpic acid,PTGES
(+)-podocarpic acid,HSD17B3
(+)-podocarpic acid,OPRK1
(+)-podocarpic acid,PTGDR
(+)-podocarpic acid,GPR55
(+)-podocarpic acid,GPR18
(+)-podocarpic acid,CNR2
(+)-podocarpic acid,AMPD1
(+)-podocarpic acid,AMPD3
(+)-podocarpic acid,CCR9
(+)-podocarpic acid,LYPLA1
(+)-podocarpic acid,LYPLA2
(+)-podocarpic acid,AGTR1
(+)-podocarpic acid,ACE2
(+)-podocarpic acid,ALOX5
(+)-podocarpic acid,ACHE
(+)-podocarpic acid,CYP27A1
(+)-podocarpic acid,AMPD2
(+)-podocarpic acid,FLT1
(+)-podocarpic acid,HTR1B
(+)-podocarpic acid,HTR7
(+)-podocarpic acid,HTR6
(+)-podocarpic acid,TBXA2R
(+)-podocarpic acid,ITGA2B
(+)-podocarpic acid,ITGB3
(+)-podocarpic acid,ECE1
(+)-podocarpic acid,ITGB1
(+)-podocarpic acid,ITGA4
(+)-podocarpic acid,ITGB7
(+)-podocarpic acid,ITGA4
(+)-podocarpic acid,KIF11
(+)-podocarpic acid,FGFR1
(+)-podocarpic acid,CA6
(+)-podocarpic acid,PNP
(+)-podocarpic acid,PSEN2
(+)-podocarpic acid,PSENEN
(+)-podocarpic acid,NCSTN
(+)-podocarpic acid,APH1A
(+)-podocarpic acid,PSEN1
(+)-podocarpic acid,APH1B
(+)-podocarpic acid,TP53
(+)-podocarpic acid,ADRA2C
(+)-podocarpic acid,P2RX3
(+)-podocarpic acid,PTPRG
(+)-podocarpic acid,PYGL
(+)-podocarpic acid,PYGM
(+)-podocarpic acid,GPBAR1
(+)-podocarpic acid,IMPDH2
(+)-podocarpic acid,CTSA
(+)-podocarpic acid,CPA3
(+)-podocarpic acid,KYNU
(+)-podocarpic acid,LTB4R
(+)-podocarpic acid,MAP2K1
(+)-podocarpic acid,ROCK2
(+)-podocarpic acid,LDHA
(+)-podocarpic acid,LDHB
(+)-podocarpic acid,TRPV1
(+)-podocarpic acid,OPRM1
(+)-podocarpic acid,ADRA2A
(+)-podocarpic acid,ADRA2B
(+)-podocarpic acid,CHRM2
(+)-podocarpic acid,HTR2C
(+)-podocarpic acid,TACR2
(+)-podocarpic acid,CHRM3
(+)-podocarpic acid,ADRB3
(+)-podocarpic acid,ADORA3
(+)-podocarpic acid,SRD5A1
damsin,PTGS2
damsin,POLB
damsin,F2
damsin,PRSS1
damsin,PREP
damsin,CYP19A1
damsin,HSD11B1
damsin,MTNR1A
damsin,MTNR1B
damsin,PARP1
damsin,DRD2
damsin,CTSK
damsin,CTSL
damsin,CTSB
damsin,DRD4
damsin,HMOX1
damsin,MAOB
damsin,P2RX7
damsin,HTR2B
damsin,CTSS
damsin,SLC6A4
damsin,GRM5
damsin,IDO1
damsin,NQO2
damsin,AR
damsin,CCNE2
damsin,CDK2
damsin,CCNE1
damsin,DNMT3A
damsin,SOAT1
damsin,TLR9
damsin,GABRB3
damsin,GABRG2
damsin,GABRA5
damsin,CYP11B1
damsin,TUBB1
damsin,CYP11B2
damsin,TAAR1
damsin,PSMB5
damsin,HDAC6
damsin,THRB
damsin,ADH1A
damsin,ADH4
damsin,HDAC1
damsin,ADH1B
damsin,ADH1C
damsin,HDAC3
damsin,CCNB3
damsin,CDK1
damsin,CCNB1
damsin,CCNB2
damsin,CTSC
damsin,SIGMAR1
damsin,GPR139
damsin,RPS6KA2
damsin,ALOX5
damsin,PGR
damsin,MMP9
damsin,MMP1
damsin,PARP10
damsin,ELANE
damsin,BRD4
damsin,EPHX1
damsin,GABRB3
damsin,GABRA3
damsin,GABRG2
damsin,GABRB3
damsin,GABRG2
damsin,GABRA1
damsin,GABRA2
damsin,GABRB3
damsin,GABRG2
damsin,GABRG2
damsin,GABRB3
damsin,GABRA6
damsin,NAAA
damsin,XPO1
damsin,MIF
damsin,MPI
damsin,CA7
damsin,MAPK14
damsin,ALOX15
damsin,CA12
damsin,CYP3A4
damsin,ALOX12
damsin,HCRTR2
damsin,DHODH
damsin,CDK7
damsin,CCNH
damsin,CSNK1D
damsin,KCNN4
damsin,CACNA1B
damsin,QPCT
damsin,CSNK1E
damsin,TERT
damsin,PDE7A
damsin,SRD5A1
damsin,DYRK1A
damsin,MMP13
damsin,MCL1
damsin,DYRK2
damsin,MMP8
damsin,DYRK1B
damsin,EPHX2
damsin,SIRT1
damsin,GABRA1
damsin,HRH1
damsin,GABRA5
damsin,CHRNA4
damsin,CHRNB2
damsin,CDC25A
damsin,TPO
damsin,MPO
damsin,RGS4
damsin,HTR2A
damsin,HTR2C
damsin,PARP2
(+)-[6]-Gingerol,HTR1A
(+)-[6]-Gingerol,ALOX5
(+)-[6]-Gingerol,ESR1
(+)-[6]-Gingerol,HSD11B1
(+)-[6]-Gingerol,PTGES
(+)-[6]-Gingerol,SHBG
(+)-[6]-Gingerol,MAP2K1
(+)-[6]-Gingerol,LYPLA1
(+)-[6]-Gingerol,LYPLA2
(+)-[6]-Gingerol,PPARG
(+)-[6]-Gingerol,POLA1
(+)-[6]-Gingerol,NR3C1
(+)-[6]-Gingerol,CHEK1
(+)-[6]-Gingerol,WEE1
(+)-[6]-Gingerol,CA2
(+)-[6]-Gingerol,CA6
(+)-[6]-Gingerol,CA4
(+)-[6]-Gingerol,MAPK3
(+)-[6]-Gingerol,CYP19A1
(+)-[6]-Gingerol,PDE4B
(+)-[6]-Gingerol,RET
(+)-[6]-Gingerol,TYK2
(+)-[6]-Gingerol,MKNK2
(+)-[6]-Gingerol,EPHB4
(+)-[6]-Gingerol,CNR1
(+)-[6]-Gingerol,KIF11
(+)-[6]-Gingerol,KDR
(+)-[6]-Gingerol,ALK
(+)-[6]-Gingerol,PRKDC
(+)-[6]-Gingerol,STAT3
(+)-[6]-Gingerol,CNR2
(+)-[6]-Gingerol,KCNJ1
(+)-[6]-Gingerol,ERN1
(+)-[6]-Gingerol,CDK2
(+)-[6]-Gingerol,PDK1
(+)-[6]-Gingerol,ESR2
(+)-[6]-Gingerol,ERBB2
(+)-[6]-Gingerol,IGF1R
(+)-[6]-Gingerol,MTOR
(+)-[6]-Gingerol,ST6GAL1
(+)-[6]-Gingerol,PTGFR
(+)-[6]-Gingerol,SLC6A3
(+)-[6]-Gingerol,PIK3CA
(+)-[6]-Gingerol,PNMT
(+)-[6]-Gingerol,AR
(+)-[6]-Gingerol,HSD17B1
(+)-[6]-Gingerol,ROCK2
(+)-[6]-Gingerol,ROCK1
(+)-[6]-Gingerol,GCGR
(+)-[6]-Gingerol,DUT
(+)-[6]-Gingerol,ITK
(+)-[6]-Gingerol,PIK3CB
(+)-[6]-Gingerol,PIK3CG
(+)-[6]-Gingerol,MDM2
(+)-[6]-Gingerol,CFD
(+)-[6]-Gingerol,PIM2
(+)-[6]-Gingerol,PIM3
(+)-[6]-Gingerol,WNT3A
(+)-[6]-Gingerol,PIK3CD
(+)-[6]-Gingerol,TNKS2
(+)-[6]-Gingerol,CDK1
(+)-[6]-Gingerol,CCNB1
(+)-[6]-Gingerol,CCNE1
(+)-[6]-Gingerol,CDK2
(+)-[6]-Gingerol,CCNB3
(+)-[6]-Gingerol,CDK1
(+)-[6]-Gingerol,CCNB1
(+)-[6]-Gingerol,CCNB2
(+)-[6]-Gingerol,CDK2
(+)-[6]-Gingerol,CCNA1
(+)-[6]-Gingerol,CCNA2
(+)-[6]-Gingerol,JAK3
(+)-[6]-Gingerol,RPS6KA3
(+)-[6]-Gingerol,GSK3B
(+)-[6]-Gingerol,JAK1
(+)-[6]-Gingerol,ADORA2A
(+)-[6]-Gingerol,CDK5R1
(+)-[6]-Gingerol,CDK5
(+)-[6]-Gingerol,CDK9
(+)-[6]-Gingerol,CCNT1
(+)-[6]-Gingerol,DYRK1A
(+)-[6]-Gingerol,PDE2A
(+)-[6]-Gingerol,PRKCZ
(+)-[6]-Gingerol,PDE10A
(+)-[6]-Gingerol,PIK3C2B
(+)-[6]-Gingerol,GABRB3
(+)-[6]-Gingerol,GABRA3
(+)-[6]-Gingerol,GABRG2
(+)-[6]-Gingerol,GABRB3
(+)-[6]-Gingerol,GABRG2
(+)-[6]-Gingerol,GABRA1
(+)-[6]-Gingerol,GABRB3
(+)-[6]-Gingerol,GABRG2
(+)-[6]-Gingerol,GABRA5
(+)-[6]-Gingerol,GABRA2
(+)-[6]-Gingerol,GABRB3
(+)-[6]-Gingerol,GABRG2
(+)-[6]-Gingerol,PARP1
(+)-[6]-Gingerol,CCNE2
(+)-[6]-Gingerol,CDK2
(+)-[6]-Gingerol,CCNE1
(+)-[6]-Gingerol,CYP51A1
(+)-[6]-Gingerol,P2RX7
(+)-[6]-Gingerol,RIPK2
(+)-[6]-Gingerol,CA1
(+)-[6]-Gingerol,ADA
(+)-[6]-Gingerol,JAK2
(+)-[6]-Gingerol,CRHR1
(+)-[6]-Gingerol,FLT1
(+)-[6]-Gingerol,PIK3CA
(+)-[6]-Gingerol,PIK3R1
(+)-[6]-Gingerol,PIK3CD
(+)-[6]-Gingerol,PIK3R1
(+)-[6]-Gingerol,PIK3R1
(+)-[6]-Gingerol,PIK3CB
(+)-[6]-Gingerol,MAOA
(+)-[6]-Gingerol,ACHE
(+)-[6]-Gingerol,LRRK2
(+)-[6]-Gingerol,ADAMTS5
(+)-[6]-Gingerol,ADAMTS4
(+)-[6]-Gingerol,IL6ST
(+)-[6]-Gingerol,NQO1
4'-O-Methylnorbelladine,DRD1
4'-O-Methylnorbelladine,DRD3
4'-O-Methylnorbelladine,SIGMAR1
4'-O-Methylnorbelladine,DRD2
4'-O-Methylnorbelladine,KDM1A
4'-O-Methylnorbelladine,MAOA
4'-O-Methylnorbelladine,DRD4
4'-O-Methylnorbelladine,HTR2A
4'-O-Methylnorbelladine,HTR2C
4'-O-Methylnorbelladine,DHCR7
4'-O-Methylnorbelladine,SLC6A3
4'-O-Methylnorbelladine,NQO2
4'-O-Methylnorbelladine,HTR2B
4'-O-Methylnorbelladine,SLC6A4
4'-O-Methylnorbelladine,OPRM1
4'-O-Methylnorbelladine,OPRD1
4'-O-Methylnorbelladine,CASR
4'-O-Methylnorbelladine,SLC6A2
4'-O-Methylnorbelladine,OPRK1
4'-O-Methylnorbelladine,PNMT
4'-O-Methylnorbelladine,MAOB
4'-O-Methylnorbelladine,CA2
4'-O-Methylnorbelladine,CA1
4'-O-Methylnorbelladine,ADRB2
4'-O-Methylnorbelladine,ADRB1
4'-O-Methylnorbelladine,ROCK1
4'-O-Methylnorbelladine,AURKB
4'-O-Methylnorbelladine,RPS6KB1
4'-O-Methylnorbelladine,HTR1A
4'-O-Methylnorbelladine,JAK3
4'-O-Methylnorbelladine,JAK1
4'-O-Methylnorbelladine,JAK2
4'-O-Methylnorbelladine,TYK2
4'-O-Methylnorbelladine,IKBKB
4'-O-Methylnorbelladine,CA12
4'-O-Methylnorbelladine,CA9
4'-O-Methylnorbelladine,TACR1
4'-O-Methylnorbelladine,CHRNB1
4'-O-Methylnorbelladine,CHRNA1
4'-O-Methylnorbelladine,CHRNG
4'-O-Methylnorbelladine,CHRND
4'-O-Methylnorbelladine,CHEK1
4'-O-Methylnorbelladine,ADRA2A
4'-O-Methylnorbelladine,ADRA2C
4'-O-Methylnorbelladine,AADAT
4'-O-Methylnorbelladine,DRD5
4'-O-Methylnorbelladine,NOS1
4'-O-Methylnorbelladine,NQO1
4'-O-Methylnorbelladine,PBK
4'-O-Methylnorbelladine,PRKCA
4'-O-Methylnorbelladine,PRKCQ
4'-O-Methylnorbelladine,PIK3CA
4'-O-Methylnorbelladine,TBXA2R
4'-O-Methylnorbelladine,ADRB3
4'-O-Methylnorbelladine,AKT1
4'-O-Methylnorbelladine,AOC3
4'-O-Methylnorbelladine,ESR1
4'-O-Methylnorbelladine,ESR2
4'-O-Methylnorbelladine,FAP
4'-O-Methylnorbelladine,DPP9
4'-O-Methylnorbelladine,CAMK2D
4'-O-Methylnorbelladine,CSNK1D
4'-O-Methylnorbelladine,GRIK2
4'-O-Methylnorbelladine,CSNK1E
4'-O-Methylnorbelladine,CCNE1
4'-O-Methylnorbelladine,CDK2
4'-O-Methylnorbelladine,PRKCD
4'-O-Methylnorbelladine,PRKCE
4'-O-Methylnorbelladine,PRKCH
4'-O-Methylnorbelladine,ROCK2
4'-O-Methylnorbelladine,PIM1
4'-O-Methylnorbelladine,PIM2
4'-O-Methylnorbelladine,ABAT
4'-O-Methylnorbelladine,CDK2
4'-O-Methylnorbelladine,HRH3
4'-O-Methylnorbelladine,ABCB1
4'-O-Methylnorbelladine,ADRA1D
4'-O-Methylnorbelladine,ADRA1A
4'-O-Methylnorbelladine,PKN1
4'-O-Methylnorbelladine,ACHE
4'-O-Methylnorbelladine,YARS
4'-O-Methylnorbelladine,HASPIN
4'-O-Methylnorbelladine,PRKCB
4'-O-Methylnorbelladine,PRKD1
4'-O-Methylnorbelladine,WEE1
4'-O-Methylnorbelladine,ROCK2
4'-O-Methylnorbelladine,ROCK1
4'-O-Methylnorbelladine,HTR1F
4'-O-Methylnorbelladine,TH
4'-O-Methylnorbelladine,CCR4
4'-O-Methylnorbelladine,PREP
4'-O-Methylnorbelladine,DYRK2
4'-O-Methylnorbelladine,PRMT6
4'-O-Methylnorbelladine,PRKCI
4'-O-Methylnorbelladine,LNPEP
4'-O-Methylnorbelladine,PRMT8
4'-O-Methylnorbelladine,IDO1
4'-O-Methylnorbelladine,PRMT1
4'-O-Methylnorbelladine,CHEK2
4'-O-Methylnorbelladine,ADRA2B
4'-O-Methylnorbelladine,TYRO3
4'-O-Methylnorbelladine,DPP4
4'-O-Methylnorbelladine,SIRT3
4'-O-Methylnorbelladine,SIRT2
4'-O-Methylnorbelladine,SIRT1
Bergenin,F10
Bergenin,PNP
Bergenin,ADA
Bergenin,GSK3B
Bergenin,ADORA2A
Bergenin,ADORA3
Bergenin,ADK
Bergenin,CA14
Bergenin,TDP1
Bergenin,TYMP
Bergenin,GAPDH
Bergenin,MMP3
Bergenin,MMP9
Bergenin,MMP1
Bergenin,ADAM17
Bergenin,ABCB1
Bergenin,CCND1
Bergenin,CDK4
Bergenin,CDK1
Bergenin,CCNB1
Bergenin,OGA
Bergenin,HSPA5
Bergenin,MMP14
Bergenin,HSPA8
Bergenin,CDK2
Bergenin,CCNA1
Bergenin,CCNA2
Bergenin,GRK1
Bergenin,PDGFRA
Bergenin,GBA
Bergenin,AHCY
Bergenin,MAPT
Bergenin,DYRK1A
Bergenin,KCNH2
Bergenin,APP
Bergenin,MAPK14
Bergenin,TERT
Bergenin,PGD
Bergenin,ST3GAL3
Bergenin,FUT7
Bergenin,MET
Bergenin,BACE1
Bergenin,BCL2
Bergenin,FUT4
Bergenin,STAT1
Bergenin,SQLE
Bergenin,CDA
Bergenin,AKR1C3
Bergenin,ADORA2B
Bergenin,SLC5A2
Bergenin,PLAA
Bergenin,OPRD1
Bergenin,MMP7
Bergenin,MMP8
Bergenin,DPP4
Bergenin,FUCA1
Bergenin,HPRT1
Bergenin,GAA
Bergenin,MGAM
Bergenin,LGALS3
Bergenin,LGALS9
Bergenin,DAO
Bergenin,HSP90AB1
Bergenin,HRAS
Bergenin,PTPN1
Bergenin,ADORA1
Bergenin,NGFR
Bergenin,FLT4
Bergenin,FLT3
Bergenin,KDR
Bergenin,ATIC
Bergenin,F2
Bergenin,SLC6A4
Bergenin,P2RX3
Bergenin,EGFR
Bergenin,PFKFB3
Bergenin,PYGL
Bergenin,TK1
Bergenin,IGFBP3
Bergenin,HK2
Bergenin,HK1
Bergenin,GABRA1
Bergenin,GABRB2
Bergenin,GABRG2
Bergenin,PGR
Bergenin,PTPRF
Bergenin,AKR1B1
Bergenin,TREH
Bergenin,DRD2
Bergenin,DTYMK
Bergenin,DRD1
Bergenin,SI
Bergenin,ERN1
Bergenin,GGH
Bergenin,CA7
Bergenin,CA1
Bergenin,CA12
Bergenin,CA13
Bergenin,EDNRB
Bergenin,SLC29A1
Bergenin,TARS
Bergenin,AMD1
Bergenin,BCL2A1
Bergenin,CA2
Bergenin,CA6
Bergenin,CA4
Brassylic acid,FFAR1
Brassylic acid,PPARD
Brassylic acid,FABP4
Brassylic acid,FABP3
Brassylic acid,PPARA
Brassylic acid,FABP2
Brassylic acid,FABP5
Brassylic acid,VDR
Brassylic acid,POLB
Brassylic acid,GPBAR1
Brassylic acid,AR
Brassylic acid,AKR1B10
Brassylic acid,HSD11B1
Brassylic acid,SLC22A6
Brassylic acid,PHF8
Brassylic acid,UGT2B7
Brassylic acid,SERPINA6
Brassylic acid,SHBG
Brassylic acid,HSD17B3
Brassylic acid,G6PD
Brassylic acid,GABBR1
Brassylic acid,NR1H4
Brassylic acid,CDC25A
Brassylic acid,FNTA
Brassylic acid,FNTB
Brassylic acid,KDM5C
Brassylic acid,PTGER2
Brassylic acid,PTGFR
Brassylic acid,KDM2A
Brassylic acid,NPC1L1
Brassylic acid,GABRA2
Brassylic acid,GABRB2
Brassylic acid,GABRG2
Brassylic acid,CYP19A1
Brassylic acid,HAO1
Brassylic acid,CA2
Brassylic acid,CA1
Brassylic acid,CDC45
Brassylic acid,GSTK1
Brassylic acid,HSD11B2
Brassylic acid,PTPN1
Brassylic acid,PLG
Brassylic acid,THRA
Brassylic acid,THRB
Brassylic acid,CACNA2D1
Brassylic acid,CHRNA7
Brassylic acid,GSR
Brassylic acid,NR4A1
Brassylic acid,CYP11B2
Brassylic acid,PTGER3
Brassylic acid,PTGDR
Brassylic acid,PDGFRA
Brassylic acid,PDGFRB
Brassylic acid,GRM5
Brassylic acid,AKR1B1
Brassylic acid,PTPRC
Brassylic acid,MMP2
Brassylic acid,PPP1CA
Brassylic acid,CA12
Brassylic acid,MME
Brassylic acid,GSTA1
Brassylic acid,GSTP1
Brassylic acid,TBXA2R
Brassylic acid,PIM2
Brassylic acid,FDFT1
Brassylic acid,MAOB
Brassylic acid,SLC22A12
Brassylic acid,PARP1
Brassylic acid,PTGER4
Brassylic acid,ITGAL
Brassylic acid,ICAM1
Brassylic acid,ITGB2
Brassylic acid,LPAR3
Brassylic acid,LPAR1
Brassylic acid,IMPDH2
Brassylic acid,ADORA1
Brassylic acid,ADORA2A
Brassylic acid,PDE7A
Brassylic acid,NEK2
Brassylic acid,CD38
Brassylic acid,EPHX2
Brassylic acid,HCAR2
Brassylic acid,AKR1C3
Brassylic acid,CISD1
Brassylic acid,XDH
Brassylic acid,MMP13
Brassylic acid,MMP3
Brassylic acid,MMP9
Brassylic acid,IDE
Brassylic acid,NR3C2
Brassylic acid,PGR
Brassylic acid,PDE4A
Brassylic acid,SLC16A3
Brassylic acid,CHEK1
Brassylic acid,RHOA
Brassylic acid,DUSP3
Brassylic acid,ZAP70
Brassylic acid,HSP90AA1
Brassylic acid,FFAR4
Brassylic acid,TNKS2
Brassylic acid,LTA4H
Brassylic acid,KDM4E
Brassylic acid,AKR1A1
Brassylic acid,P2RX7
Brassylic acid,KDM4A
Brassylic acid,AKR1C1
