Gene,Phytochemical
BACE1,Sanggenone H
GUSB,Sanggenone H
AKR1B1,Quercetin
F2,Quercetin
BACE1,Quercetin
GUSB,Piperlongumine
GCK,Piperlongumine
BACE1,Pinocembrin
AKR1B1,Pinocembrin
GUSB,Pinocembrin
CTSB,Pinocembrin
BACE1,Phthalyl-DL-glutamic Acid
CTSB,Phthalyl-DL-glutamic Acid
PYGM,Phthalyl-DL-glutamic Acid
ACE,Phthalyl-DL-glutamic Acid
AKR1B1,Ellagic acid
BACE1,Ellagic acid
ELANE,Kermesic Acid
PYGM,Kermesic Acid
ACE,Kermesic Acid
F2,Kermesic Acid
ALB,Kermesic Acid
ACLY,Kermesic Acid
AMY2A,Kermesic Acid
TREH,Kermesic Acid
GYS1,Glaurin
CTSB,Glaurin
BACE1,Nootkatone
CTSB,Nootkatone
PPARA,Nootkatone
F2,Ethylmorphine
BACE1,Naringenin
CTSB,Naringenin
AKR1B1,Naringenin
F2,Eugenol
MGAM,Neochanin
PPARA,Neochanin
BACE1,Neochanin
AKR1B1,Neochanin
AKR1B1,Galloylglucose
AMY1A,Galloylglucose
BACE1,Galloylglucose
MGAM,Galloylglucose
GAA,Galloylglucose
SI,Galloylglucose
TREH,Galloylglucose
TP53,Galloylglucose
PPARA,Abietic Acid
BACE1,Abietic Acid
TP53,Abietic Acid
F2,(+)-Alantolactone
CTSB,(+)-Alantolactone
IL1B,(+)-Alantolactone
ELANE,(+)-Alantolactone
GUSB,Coumurrayin
ACE,Coumurrayin
CTSB,Coumurrayin
GYS1,Coumurrayin
TP53,(+)-podocarpic acid
PYGM,(+)-podocarpic acid
F2,damsin
CTSB,damsin
ELANE,damsin
BACE1,Bergenin
GAA,Bergenin
MGAM,Bergenin
F2,Bergenin
AKR1B1,Bergenin
TREH,Bergenin
SI,Bergenin
PPARA,Brassylic acid
AKR1B1,Brassylic acid
