Name,Formula,DeltaMass,MW,m/z,RT,Class of compounds,Cluster_HC,HC_Silhouette,PCA_Silhouette,Cluster_PCA,OPLS_Silhouette,Cluster_OPLS,Average_Silhouette,Silhouette_Category,Best_Clustering_Method,Final_Group
Piperine,C17 H19 N O3,-2.32,285.13583,286.14313,10.011,Alkaloid,2,0.140577792,0.173568662,3,0.417253594,3,0.243800016,Poor,OPLS_Silhouette,3
Piperanine,C17 H21 N O3,-2.22,287.15151,288.15878,9.949,Alkaloid,2,0.177098753,0.208482294,3,0.424621182,3,0.27006741,Poor,OPLS_Silhouette,3
Proline,C5 H9 N O2,-1.88,115.06311,116.07039,0.927,Amino Acid,2,0.518834863,0.612689305,1,0.674300326,1,0.601941498,Excellent,OPLS_Silhouette,1
Shogaol,C17 H24 O3,-2.47,276.17186,277.17914,10.541,Polyphenolic,2,0.068375011,0.141040198,3,0.465420341,3,0.224945183,Poor,OPLS_Silhouette,3
pedunculagin,C34 H24 O22,-2.42,784.07402,785.0813,5.823,Polyphenolic,1,0.131382695,0.133930799,2,0.524142123,0,0.263151873,Poor,OPLS_Silhouette,0
L-(+)-Aspartic acid,C4 H7 N O4,-2.52,133.03717,134.04445,0.831,Amino Acid,2,0.439642551,0.567475215,1,0.68253824,1,0.563218669,Good,OPLS_Silhouette,1
?-CUBEBENE,C15 H24,-1.54,204.18749,205.19476,11.728,Terpenoid,2,0.355850342,0.418435424,3,0.392957856,3,0.389081207,Moderate,PCA_Silhouette,3
Mesembrenone,C17 H21 N O3,-2.32,287.15148,288.15875,9.349,Alkaloid,2,0.175612681,0.124176407,3,0.218896635,3,0.172895241,Poor,OPLS_Silhouette,3
4-guanidinobutanal,C5 H11 N3 O,-3.19,129.0898,130.09708,1.144,Amino Acid,2,0.331165238,0.500171005,1,0.663435674,1,0.498257306,Good,OPLS_Silhouette,1
Indole-3-acetic acid,C10 H9 N O2,-1.41,175.06308,176.07036,3.975,Alkaloid,2,0.59206739,0.57305294,1,0.231244235,1,0.465454855,Good,HC_Silhouette,2
Amino-levulinic acid,C5 H9 N O3,-2.63,131.0579,132.06521,0.817,Amino Acid,2,0.423098367,0.556371855,1,0.675097069,1,0.55152243,Good,OPLS_Silhouette,1
D-(?)-Morphine,C17 H19 N O3,-2.06,285.13591,286.14318,5.166,Alkaloid,2,0.421820751,0.147683569,1,0.388384606,2,0.319296308,Moderate,HC_Silhouette,2
.alpha.-Aminoadipic acid,C6 H11 N O4,-2.42,161.06842,162.0757,0.913,Amino Acid,2,0.454228062,0.570729691,1,0.713828413,1,0.579595389,Good,OPLS_Silhouette,1
L-?-Glutamyl-L-leucine,C11 H20 N2 O5,3.76,260.1382,261.14548,9.451,Amino Acid,3,0.339532336,0.207148902,3,0.56826555,3,0.371648929,Moderate,OPLS_Silhouette,3
D-Sucrose,C12 H22 O11,-2.89,342.11522,343.1225,0.843,Carbohydrate,2,0.219818115,0.038366136,1,0.354301811,1,0.20416202,Poor,OPLS_Silhouette,1
Itaconic acid,C5 H6 O4,-2.62,130.02627,302.08627,1.188,carboxylic acid,2,0.370925068,0.471913789,1,0.674361394,1,0.505733417,Good,OPLS_Silhouette,1
citramalic acid,C5 H8 O5,-2.89,148.03674,190.07045,0.898,other,2,0.372457507,0.512548423,1,0.704186362,1,0.529730764,Good,OPLS_Silhouette,1
Protocatechuic aldehyde,C7 H6 O3,-2.65,138.03133,180.06514,1.194,Polyphenolic,2,0.416539234,0.549599978,1,0.722556693,1,0.562898635,Good,OPLS_Silhouette,1
Quercetagitrin,C21 H20 O13,-1.99,480.08943,481.09671,6.327,Flavonoid,2,0.002099772,0.428676774,2,0.128894824,0,0.186557123,Poor,PCA_Silhouette,2
Protopine,C20 H19 N O5,-3.26,353.12517,354.13245,9.931,Alkaloid,2,-0.403804993,0.362589422,2,0.337394624,3,0.098726351,Poor,PCA_Silhouette,2
d-Corlin,C23 H28 O6,-1.76,400.18788,401.19516,9.19,Alkaloid,2,0.134064349,0.068121262,2,0.303764344,3,0.168649985,Poor,OPLS_Silhouette,3
Indole-3-carbidol,C9 H9 N O,-1.5,147.06819,148.07547,6.911,Alkaloid,2,0.5333639,0.484379435,1,0.359998267,2,0.459247201,Good,HC_Silhouette,2
D-Saccharic acid,C6 H10 O8,-1.0,210.03736,209.03009,0.851,carboxylic acid,2,0.612013503,0.582147477,1,0.669352476,1,0.621171152,Excellent,OPLS_Silhouette,1
D-(-)-Quinic acid,C7 H12 O6,-1.22,192.06315,191.05588,0.934,Polyphenolic,2,0.599331388,0.624129098,1,0.712407467,1,0.645289318,Excellent,OPLS_Silhouette,1
L-(-)-Malic acid,C4 H6 O5,-0.44,134.02146,133.01419,1.035,carboxylic acid,2,0.572753951,0.533127574,1,0.709749014,1,0.60521018,Excellent,OPLS_Silhouette,1
Pyrogallol,C6 H6 O3,-1.72,126.03148,125.0242,2.272,Polyphenolic,2,0.546230017,0.641858626,1,0.629217698,1,0.60576878,Excellent,PCA_Silhouette,1
(+)-[6]-Gingerol,C17 H26 O4,0.14,294.18315,293.17587,10.078,Polyphenolic,2,0.421607926,0.595584985,3,0.600743999,3,0.539312303,Good,OPLS_Silhouette,3
Galloylglucose,C13 H16 O10,0.12,332.07439,331.06711,3.166,Polyphenolic,2,0.503668551,0.60322876,3,0.287837405,2,0.464911572,Good,PCA_Silhouette,3
brevifolin carboxylic acid,C13 H8 O8,-0.18,292.02186,291.01459,5.294,Polyphenolic,2,0.584777135,0.577274432,3,0.508864195,2,0.556971921,Good,HC_Silhouette,2
(±)-2-Hydroxyglutaric acid,C5 H8 O5,-0.42,148.03711,295.06699,0.965,carboxylic acid,2,0.566353537,0.342881645,1,0.534362042,1,0.481199074,Good,HC_Silhouette,2
Tricrozarin A,C13 H10 O8,0.88,294.03782,293.03055,6.282,Flavonoid,2,0.325407243,0.599963572,3,0.211307606,2,0.378892807,Moderate,PCA_Silhouette,3
Myricitrin,C21 H20 O12,0.58,464.09575,463.08847,6.725,Flavonoid,2,0.171695172,0.10421436,0,0.179367397,0,0.151758976,Poor,OPLS_Silhouette,0
Polygalic acid,C29 H44 O6,-2.17,488.31273,487.30545,6.992,Terpenoid,2,-0.12741204,0.443655256,2,0.187447259,0,0.167896825,Poor,PCA_Silhouette,2
Ricinoleic Acid,C18 H34 O3,0.55,298.25096,297.24368,11.805,Lipid,2,0.225747012,0.439441878,3,0.544297632,3,0.403162174,Moderate,OPLS_Silhouette,3
Brassylic acid,C13 H24 O4,0.09,244.16748,243.1602,10.28,Lipid,2,0.442320528,0.613308249,3,0.527473434,3,0.527700737,Good,PCA_Silhouette,3
Neochanin,C16 H12 O4,0.01,268.07356,267.06628,9.167,Flavonoid,2,0.495204288,0.646386302,3,0.511885221,3,0.551158604,Good,PCA_Silhouette,3
(±)9-HpODE,C18 H32 O4,0.28,312.23015,311.22287,11.666,Lipid,2,0.299322585,0.444817389,3,0.556025312,3,0.433388428,Moderate,OPLS_Silhouette,3
4?-O-Methylnorbelladine,C16 H19 N O3,-0.24,273.13643,272.12915,8.876,Alkaloid,2,0.542723767,0.653331979,3,0.444963439,3,0.547006395,Good,PCA_Silhouette,3
Glaurin,C16 H32 O4,0.62,288.23024,287.22296,9.932,Lipid,2,0.298742247,0.537674387,3,0.600580506,3,0.478999047,Good,OPLS_Silhouette,3
Trifolin,C21 H20 O11,-0.26,448.10045,447.09317,7.379,Flavonoid,2,0.306083196,0.115586473,0,-0.008691564,0,0.137659368,Poor,HC_Silhouette,2
Heptose,C7 H14 O7,-0.85,210.07377,209.0665,0.959,Carbohydrate,2,0.618162066,0.556055235,1,0.658562921,1,0.610926741,Excellent,OPLS_Silhouette,1
"(10E,15Z)-9,12,13-Trihydroxy-10,15-octadecadienoic acid",C18 H32 O5,0.79,328.22523,327.21796,9.415,Lipid,2,0.215920838,0.449438343,3,0.562106215,3,0.409155132,Moderate,OPLS_Silhouette,3
(Z)-Aconitic Acid,C6 H6 O6,-0.82,174.01629,173.00902,1.129,carboxylic acid,2,0.614775411,0.604509554,1,0.715907422,1,0.645064129,Excellent,OPLS_Silhouette,1
Glutaric acid,C5 H8 O4,-1.16,132.04211,113.02427,0.867,Polyphenolic,2,0.583749436,0.628986035,1,0.70145399,1,0.638063154,Excellent,OPLS_Silhouette,1
Phthalyl-DL-glutamic Acid,C13 H11 N O6,-0.11,277.05861,276.05133,5.972,Amino Acid,2,0.578461512,0.585553967,3,0.466309606,2,0.543441695,Good,PCA_Silhouette,3
(?)-Galanthamine,C17 H21 N O3,-0.84,287.1519,288.15918,9.939,Alkaloid,2,0.510848235,0.631758964,3,0.562033863,3,0.568213687,Good,PCA_Silhouette,3
Nootkatone,C15 H22 O,-0.26,218.16701,219.17429,10.769,Terpenoid,2,0.478327027,0.595982258,3,0.459915945,3,0.51140841,Good,PCA_Silhouette,3
4-Aminobenzoic acid,C7 H7 N O2,-0.5,137.04761,138.05489,0.898,Amino Acid,2,0.577885423,0.555037863,1,0.722711607,1,0.618544964,Excellent,OPLS_Silhouette,1
Ganoderic acid DM,C30 H44 O4,-0.97,468.3235,469.33078,9.682,Terpenoid,2,0.202768814,0.324270058,0,-0.156444168,0,0.123531568,Poor,PCA_Silhouette,0
"(E,E)-?-Farnesene",C15 H24,0.03,204.18781,205.19508,11.723,Terpenoid,2,0.392039766,0.557452183,3,0.43669273,3,0.46206156,Good,PCA_Silhouette,3
DL-Aspartic acid,C4 H7 N O4,-0.57,133.03743,134.04471,0.824,Amino Acid,2,0.579694378,0.571278717,1,0.724284342,1,0.625085812,Excellent,OPLS_Silhouette,1
Magnoline,C36 H40 N2 O6,0.08,596.28868,597.29596,11.671,Alkaloid,2,-0.248340152,0.520942411,0,0.209743144,0,0.160781801,Poor,PCA_Silhouette,0
arjungenin,C30 H48 O6,-0.93,504.34462,505.3519,9.678,Terpenoid,2,0.0835102,0.370673796,0,0.079382171,0,0.177855389,Poor,PCA_Silhouette,0
Dihydrocodeine,C18 H23 N O3,-0.89,301.16753,302.1748,10.477,Alkaloid,2,0.467909207,0.593027365,3,0.597549786,3,0.552828786,Good,OPLS_Silhouette,3
DL-Arginine,C6 H14 N4 O2,-0.66,174.11156,175.11884,0.805,Amino Acid,2,0.601066381,0.584869706,1,0.723037627,1,0.636324571,Excellent,OPLS_Silhouette,1
benzoquinone,C6 H4 O2,0.41,108.02117,109.02845,3.565,Polyphenolic,2,0.470648044,0.125332125,1,0.135166151,1,0.24371544,Poor,HC_Silhouette,2
Piperlongumine,C17 H19 N O5,-0.56,317.12615,318.13342,9.196,Alkaloid,2,0.545895156,0.597220107,3,0.502130215,3,0.548415159,Good,PCA_Silhouette,3
Sanggenone H,C20 H18 O6,-0.6,354.11012,355.1174,9.897,Flavonoid,2,0.472178194,0.381208454,3,0.52828078,3,0.460555809,Good,OPLS_Silhouette,3
DL-Phenylalanine,C9 H11 N O2,0.02,165.07898,166.08626,3.648,Amino Acid,2,0.558930871,0.103889991,1,0.037251606,1,0.233357489,Poor,HC_Silhouette,2
L-(+)-Valine,C5 H11 N O2,0.02,117.07898,118.08626,0.99,Amino Acid,2,0.517214314,0.396163359,1,0.677121542,1,0.530166405,Good,OPLS_Silhouette,1
Scutellarin,C21 H18 O12,-0.08,462.07979,463.08707,7.455,Flavonoid,2,0.2467313,0.222079416,0,0.094121,0,0.187643905,Poor,HC_Silhouette,2
Myricanone,C21 H24 O5,-0.35,356.16225,357.16953,7.964,Flavonoid,2,0.5195071,0.490735894,3,0.242997818,3,0.417746937,Moderate,HC_Silhouette,2
Ethylmorphine,C19 H23 N O3,-0.07,313.16777,314.17505,4.71,Alkaloid,2,0.555562055,0.610453251,3,0.489004034,2,0.551673113,Good,PCA_Silhouette,3
eremophilenolide,C15 H22 O2,-0.59,234.16184,469.33094,8.234,Terpenoid,2,0.43636965,0.391436321,3,0.383777581,3,0.403861184,Moderate,HC_Silhouette,2
Curcumene,C15 H22,-0.22,202.17211,203.17938,11.41,Terpenoid,2,0.444096482,0.569666371,3,0.429993399,3,0.481252084,Good,PCA_Silhouette,3
ruscogenin,C27 H42 O4,-0.51,430.30809,431.31537,12.561,Terpenoid,2,0.238756997,0.32750005,0,0.399817209,3,0.322024752,Moderate,OPLS_Silhouette,3
puerarin xyloside,C26 H28 O13,-0.2,548.15288,549.16016,7.68,Flavonoid,2,-0.11356702,0.497039495,0,0.408607356,0,0.26402661,Poor,PCA_Silhouette,0
Psoralen,C11 H6 O3,0.0,186.03169,187.03897,6.249,Polyphenolic,2,0.555155389,0.269609702,3,0.431764333,2,0.418843141,Moderate,HC_Silhouette,2
Eudesobovatol A,C33 H44 O4,-4.35,504.32176,505.32904,12.625,Polyphenolic,4,0.0,0.440933654,2,0.19227552,3,0.211069724,Poor,PCA_Silhouette,2
6-methoxymellein,C11 H12 O4,-0.12,208.07353,209.08081,6.747,Polyphenolic,2,0.572288442,0.389145614,3,0.38089073,2,0.447441595,Moderate,HC_Silhouette,2
4-Aminophenol,C6 H7 N O,0.31,109.0528,110.06007,5.711,Amino Acid,2,0.470938693,-0.022069465,3,0.277754672,2,0.242207967,Poor,HC_Silhouette,2
DL-Tryptophan,C11 H12 N2 O2,-0.08,204.08986,205.09714,4.615,Amino Acid,2,0.584213541,0.166018291,3,0.373893303,2,0.374708378,Moderate,HC_Silhouette,2
L-(+)-Leucine,C6 H13 N O2,0.3,131.09467,132.10194,2.375,Amino Acid,2,0.499016612,0.207096576,1,0.443540782,1,0.38321799,Moderate,HC_Silhouette,2
N-Acetyl-L-glutamic acid,C7 H11 N O5,-0.32,189.06366,190.07094,1.21,Amino Acid,2,0.583888788,0.434440308,1,0.653320696,1,0.557216597,Good,OPLS_Silhouette,1
Chebulic acid,C14 H12 O11,-0.2,356.03789,357.04517,2.831,Polyphenolic,2,0.509706724,0.526015077,3,0.196917618,2,0.410879806,Moderate,PCA_Silhouette,3
DL-TYROSINE,C9 H11 N O3,-0.05,181.07388,182.08116,1.889,Amino Acid,2,0.562016819,0.275426387,1,0.538068398,1,0.458503868,Good,HC_Silhouette,2
Theogallin,C14 H16 O10,-0.41,344.07421,345.08148,3.033,Polyphenolic,2,0.54042987,0.455817142,3,0.205877851,2,0.400708288,Moderate,HC_Silhouette,2
(+)-Alantolactone,C15 H20 O2,-0.31,232.14626,233.15353,8.655,Terpenoid,2,0.559607371,0.566811158,3,0.237477294,3,0.454631941,Good,PCA_Silhouette,3
METHYLSUCCINIC ACID,C5 H8 O4,-0.59,132.04218,133.04944,0.866,Polyphenolic,2,0.581071894,0.573591236,1,0.722148298,1,0.625603809,Excellent,OPLS_Silhouette,1
Shikalkin,C16 H16 O5,-0.72,288.09957,289.10684,8.909,Polyphenolic,2,0.563485151,0.625015984,3,0.409297799,3,0.532599645,Good,PCA_Silhouette,3
kinsenoside,C10 H16 O8,-0.7,264.08433,306.1181,1.141,Glycoside,2,0.580300633,0.114510511,1,0.347533511,1,0.347448218,Moderate,HC_Silhouette,2
damsin,C15 H20 O3,-0.36,248.14115,290.17487,10.189,Terpenoid,2,0.509363088,0.663998884,3,0.573308762,3,0.582223578,Good,PCA_Silhouette,3
Xanthohumol,C21 H22 O5,-1.4,354.14623,355.1535,9.646,Flavonoid,2,0.331212453,0.299004761,3,0.475910563,3,0.368709259,Moderate,OPLS_Silhouette,3
Jervine,C27 H39 N O3,-0.09,425.29296,426.30023,11.804,Alkaloid,2,0.24335565,0.212324477,0,0.408376215,3,0.288018781,Poor,OPLS_Silhouette,3
(?)-Abietic acid,C20 H30 O2,-0.15,302.22453,303.23181,12.186,Terpenoid,2,0.375502286,0.495398098,3,0.544558988,3,0.471819791,Good,OPLS_Silhouette,3
"3,4,3?-Tri-O-methylellagic acid",C17 H12 O8,-0.38,344.05309,345.06036,7.551,Polyphenolic,2,0.545215659,0.560809139,3,0.096391417,3,0.400805405,Moderate,PCA_Silhouette,3
(+)-podocarpic acid,C17 H22 O3,0.38,274.157,275.16437,11.61,Terpenoid,2,0.303576544,0.52615867,3,0.546392735,3,0.458709317,Good,OPLS_Silhouette,3
(±)-Naringenin,C15 H12 O5,-0.47,272.06835,273.07562,8.344,Flavonoid,2,0.58309438,0.629893645,3,0.245305415,3,0.486097814,Good,PCA_Silhouette,3
(E)-Ferulic acid,C10 H10 O4,0.47,194.058,195.06528,5.484,Polyphenolic,2,0.483335628,0.326299261,3,0.49676522,2,0.435466703,Moderate,OPLS_Silhouette,2
Tazettine,C18 H21 N O5,0.04,331.14198,332.14926,7.357,Alkaloid,2,0.497303859,0.618018676,3,0.100371408,3,0.405231315,Moderate,PCA_Silhouette,3
O-Methyllycorenine,C19 H25 N O4,0.2,331.17842,332.1857,7.386,Alkaloid,2,0.462729687,0.608630037,3,0.150956431,3,0.407438718,Moderate,PCA_Silhouette,3
(±)-nicotine,C10 H14 N2,0.63,162.1158,163.12308,5.152,Alkaloid,2,0.444361099,0.202407964,3,0.430493211,2,0.359087425,Moderate,HC_Silhouette,2
Quercetin,C15 H10 O7,-0.51,302.0425,303.04977,6.904,Flavonoid,2,0.601678833,0.602470176,3,0.27799886,2,0.49404929,Good,PCA_Silhouette,3
Coumurrayin,C16 H18 O4,0.08,274.12053,275.12781,9.718,Polyphenolic,2,0.459259737,0.648844085,3,0.577563357,3,0.561889059,Good,PCA_Silhouette,3
"3,4-Dimethoxyhydrocinnamic acid",C11 H14 O4,0.56,210.08933,211.0966,6.071,Polyphenolic,2,0.456646201,0.419285272,3,0.437591452,2,0.437840975,Moderate,HC_Silhouette,2
Helenalin,C15 H18 O4,-1.2,262.1202,263.12747,6.747,Terpenoid,2,0.573714007,0.247228028,3,0.468968093,2,0.429970043,Moderate,HC_Silhouette,2
Eugenol,C10 H12 O2,0.15,164.08375,370.20139,9.227,Polyphenolic,2,0.40176492,0.645266418,3,0.581400595,3,0.542810644,Good,PCA_Silhouette,3
Isofraxidin,C11 H10 O5,-0.25,222.05277,223.06004,6.782,Polyphenolic,2,0.591078827,0.427759748,3,0.388784875,2,0.469207816,Good,HC_Silhouette,2
(+)-Piperitol,C20 H20 O6,-1.44,356.12547,357.13275,8.663,Terpenoid,2,0.364042901,0.251692963,3,0.272026817,3,0.295920894,Poor,HC_Silhouette,2
robinetin,C15 H10 O7,0.5,302.0428,303.05008,6.857,Flavonoid,2,0.424944558,0.646921419,3,0.036037236,2,0.369301071,Moderate,PCA_Silhouette,3
Hexaric acid,C6 H10 O8,-0.99,210.03736,209.03008,0.849,Polyphenolic,2,0.612585477,0.581419735,1,0.669012539,1,0.621005917,Excellent,OPLS_Silhouette,1
Gallic acid,C7 H6 O5,-1.24,170.02131,169.01404,2.279,Polyphenolic,2,0.608384151,0.626830147,1,0.624134854,1,0.619783051,Excellent,PCA_Silhouette,1
Citric acid,C6 H8 O7,-1.01,192.02681,191.01953,1.145,Polyphenolic,2,0.617115059,0.609585862,1,0.699641611,1,0.642114177,Excellent,OPLS_Silhouette,1
"1,3,4,5-Tetrahydroxycyclohexanecarboxylic acid",C7 H12 O6,-1.6,192.06308,191.05582,0.921,Polyphenolic,2,0.563047429,0.615508248,1,0.716373615,1,0.631643097,Excellent,OPLS_Silhouette,1
Ellagic acid,C14 H6 O8,-0.32,302.00617,300.99887,6.864,Polyphenolic,2,0.584541561,0.633939223,3,0.256620775,2,0.49170052,Good,PCA_Silhouette,3
(±)-Malic acid,C4 H6 O5,-0.89,134.0214,133.01413,0.974,Polyphenolic,2,0.598124897,0.617430206,1,0.721493776,1,0.64568296,Excellent,OPLS_Silhouette,1
Digallic acid,C14 H10 O9,-0.3,322.03239,321.02512,4.951,Polyphenolic,2,0.579688318,0.579526699,3,0.474856514,2,0.544690511,Good,HC_Silhouette,2
Glucogallin,C13 H16 O10,0.34,332.07446,331.0672,1.331,Polyphenolic,2,0.447791491,0.550580113,3,0.049879148,1,0.349416917,Moderate,PCA_Silhouette,3
D-Gluconic acid,C6 H12 O7,-1.63,196.05798,195.0507,0.867,Polyphenolic,2,0.558562948,0.608391751,1,0.709499217,1,0.625484639,Excellent,OPLS_Silhouette,1
Glycyrrhizin,C42 H62 O16,0.04,822.40382,821.39655,10.343,Terpenoid,1,0.418006942,0.271444174,0,0.396176416,0,0.361875844,Moderate,HC_Silhouette,1
Kermesic Acid,C16 H10 O8,-0.33,330.03746,329.03018,8.264,Polyphenolic,2,0.53796404,0.595423218,3,0.334083745,3,0.489157001,Good,PCA_Silhouette,3
Methyl gallate,C8 H8 O5,-1.12,184.03697,183.02969,4.961,Polyphenolic,2,0.615697435,0.403818023,1,0.189886261,2,0.403133906,Moderate,HC_Silhouette,2
Mesaconic acid,C5 H6 O4,-1.25,130.02645,111.00861,1.145,Polyphenolic,2,0.579559466,0.631754353,1,0.692298521,1,0.634537447,Excellent,OPLS_Silhouette,1
L-Pyroglutamic acid,C5 H7 N O3,-1.12,129.04245,128.03517,1.163,Amino Acid,2,0.594222568,0.633522222,1,0.708005121,1,0.645249971,Excellent,OPLS_Silhouette,1
Punicalagin,C48 H28 O30,-0.1,1084.06643,541.02594,4.148,Polyphenolic,1,0.633561184,0.238777072,0,0.466642092,0,0.446326783,Moderate,HC_Silhouette,1
Azelaic acid,C9 H16 O4,-0.9,188.10469,187.09741,7.77,Lipid,2,0.591050025,0.117947534,3,0.231087332,2,0.31336163,Moderate,HC_Silhouette,2
L-(?)-Asparagine,C4 H8 N2 O3,-0.55,132.05342,131.04614,0.813,Amino Acid,2,0.576867075,0.565850899,1,0.72262551,1,0.621781161,Excellent,OPLS_Silhouette,1
"1,2,3,4,6-Pentagalloyl glucose",C41 H32 O26,-0.02,940.11816,469.05185,6.186,Polyphenolic,1,0.627313576,0.436781313,0,0.573857111,0,0.545984,Good,HC_Silhouette,1
Sinapinic acid,C11 H12 O5,-0.86,224.06828,223.061,7.2,Polyphenolic,2,0.612612828,0.275971263,3,0.375042328,2,0.421208806,Moderate,HC_Silhouette,2
Miquelianin,C21 H18 O13,-0.23,478.07463,477.06735,5.502,Flavonoid,2,0.19863984,0.186941137,0,0.223751536,0,0.203110837,Poor,OPLS_Silhouette,0
Bergenin,C14 H16 O9,-0.22,328.07936,327.07208,6.333,Polyphenolic,2,0.558988157,0.642687431,3,0.298691541,2,0.500122376,Good,PCA_Silhouette,3
corilagin,C27 H22 O18,0.52,634.08095,633.07367,5.11,Polyphenolic,2,-0.356765504,0.530606016,0,0.566739297,0,0.246859936,Poor,OPLS_Silhouette,0
6-O-galloyl-?-D-glucose,C13 H16 O10,0.4,332.07448,331.0672,1.136,Polyphenolic,2,0.434711595,0.551934928,3,0.079648827,1,0.355431783,Moderate,PCA_Silhouette,3
"1,6-bis-O-galloyl-?-D-glucose",C20 H20 O14,-0.56,484.08504,483.07776,3.679,Polyphenolic,2,0.176362461,-0.04272485,0,0.121803932,0,0.085147181,Poor,HC_Silhouette,2
Protocatechuic acid,C7 H6 O4,-0.79,154.02649,153.01921,3.861,Polyphenolic,2,0.623514359,0.4747729,1,0.193232622,1,0.430506627,Moderate,HC_Silhouette,2
"1,3,6-Trigalloyl glucose",C27 H24 O18,-0.07,636.09622,635.08893,4.878,Polyphenolic,2,-0.372068243,0.42116992,0,0.550436818,0,0.199846165,Poor,OPLS_Silhouette,0
Geraniin,C41 H28 O27,0.34,952.08211,475.03381,6.063,Polyphenolic,1,0.614564144,0.479520949,0,0.570859867,0,0.554981654,Good,HC_Silhouette,1
chebulinic acid,C41 H32 O27,-0.48,956.11264,477.04904,6.279,Polyphenolic,1,0.627513964,0.300524826,0,0.56904624,0,0.499028343,Good,HC_Silhouette,1
Aconitic acid,C6 H6 O6,-1.5,174.01618,173.0089,1.145,Polyphenolic,2,0.575990855,0.637698075,1,0.731722206,1,0.648470379,Excellent,OPLS_Silhouette,1
Pinocembrin,C15 H12 O4,-0.59,256.07341,255.06613,9.574,Flavonoid,2,0.559625216,0.630943983,3,0.471129405,3,0.553899534,Good,PCA_Silhouette,3
D-Glucopyranuronic acid,C6 H10 O7,-1.67,194.04233,193.03505,0.874,Carbohydrate,2,0.554235841,0.608580022,1,0.71248272,1,0.625099528,Excellent,OPLS_Silhouette,1
sinapoylglucose,C17 H22 O10,-0.89,386.12095,385.11368,6.017,Polyphenolic,2,0.489334151,0.331349514,3,0.253439892,2,0.358041185,Moderate,HC_Silhouette,2
Rehmapicroside,C16 H26 O8,-1.51,346.16224,345.15497,7.074,Glycoside,2,0.424323268,0.239551253,3,0.27958406,2,0.314486193,Moderate,HC_Silhouette,2
Glucuronolactone,C6 H8 O6,-1.07,176.0319,175.02461,1.946,Carbohydrate,2,0.620396474,0.612599481,1,0.652168846,1,0.628388267,Excellent,OPLS_Silhouette,1
galactinol,C12 H22 O11,-2.01,342.11552,341.10825,0.818,Carbohydrate,2,0.401705372,0.166082875,1,0.313006237,1,0.293598161,Poor,HC_Silhouette,2
DIHYDROCUCURBITACIN B,C32 H48 O8,2.93,560.33656,559.32928,11.922,Terpenoid,3,0.304570349,0.179740997,0,0.072286567,0,0.185532638,Poor,HC_Silhouette,3
Isorhamnetin,C16 H12 O7,0.48,316.05845,315.05118,7.423,Flavonoid,2,0.406104379,0.618897432,3,0.203007036,3,0.409336282,Moderate,PCA_Silhouette,3
