Name,Formula,MW,RT,Class of compounds,Average_Silhouette,Silhouette_Category,Final_Group,Best_Clustering_Method
Aconitic acid,C6 H6 O6,174.01618,1.145,Polyphenolic,0.648470379,Excellent,1,OPLS_Silhouette
(±)-Malic acid,C4 H6 O5,134.0214,0.974,Polyphenolic,0.64568296,Excellent,1,OPLS_Silhouette
D-(-)-Quinic acid,C7 H12 O6,192.06315,0.934,Polyphenolic,0.645289318,Excellent,1,OPLS_Silhouette
L-Pyroglutamic acid,C5 H7 N O3,129.04245,1.163,Amino Acid,0.645249971,Excellent,1,OPLS_Silhouette
(Z)-Aconitic Acid,C6 H6 O6,174.01629,1.129,carboxylic acid,0.645064129,Excellent,1,OPLS_Silhouette
Citric acid,C6 H8 O7,192.02681,1.145,Polyphenolic,0.642114177,Excellent,1,OPLS_Silhouette
Glutaric acid,C5 H8 O4,132.04211,0.867,Polyphenolic,0.638063154,Excellent,1,OPLS_Silhouette
DL-Arginine,C6 H14 N4 O2,174.11156,0.805,Amino Acid,0.636324571,Excellent,1,OPLS_Silhouette
Mesaconic acid,C5 H6 O4,130.02645,1.145,Polyphenolic,0.634537447,Excellent,1,OPLS_Silhouette
"1,3,4,5-Tetrahydroxycyclohexanecarboxylic acid",C7 H12 O6,192.06308,0.921,Polyphenolic,0.631643097,Excellent,1,OPLS_Silhouette
Glucuronolactone,C6 H8 O6,176.0319,1.946,Carbohydrate,0.628388267,Excellent,1,OPLS_Silhouette
METHYLSUCCINIC ACID,C5 H8 O4,132.04218,0.866,Polyphenolic,0.625603809,Excellent,1,OPLS_Silhouette
D-Gluconic acid,C6 H12 O7,196.05798,0.867,Polyphenolic,0.625484639,Excellent,1,OPLS_Silhouette
D-Glucopyranuronic acid,C6 H10 O7,194.04233,0.874,Carbohydrate,0.625099528,Excellent,1,OPLS_Silhouette
DL-Aspartic acid,C4 H7 N O4,133.03743,0.824,Amino Acid,0.625085812,Excellent,1,OPLS_Silhouette
L-(?)-Asparagine,C4 H8 N2 O3,132.05342,0.813,Amino Acid,0.621781161,Excellent,1,OPLS_Silhouette
D-Saccharic acid,C6 H10 O8,210.03736,0.851,carboxylic acid,0.621171152,Excellent,1,OPLS_Silhouette
Hexaric acid,C6 H10 O8,210.03736,0.849,Polyphenolic,0.621005917,Excellent,1,OPLS_Silhouette
Gallic acid,C7 H6 O5,170.02131,2.279,Polyphenolic,0.619783051,Excellent,1,PCA_Silhouette
4-Aminobenzoic acid,C7 H7 N O2,137.04761,0.898,Amino Acid,0.618544964,Excellent,1,OPLS_Silhouette
Heptose,C7 H14 O7,210.07377,0.959,Carbohydrate,0.610926741,Excellent,1,OPLS_Silhouette
Pyrogallol,C6 H6 O3,126.03148,2.272,Polyphenolic,0.60576878,Excellent,1,PCA_Silhouette
L-(-)-Malic acid,C4 H6 O5,134.02146,1.035,carboxylic acid,0.60521018,Excellent,1,OPLS_Silhouette
Proline,C5 H9 N O2,115.06311,0.927,Amino Acid,0.601941498,Excellent,1,OPLS_Silhouette
damsin,C15 H20 O3,248.14115,10.189,Terpenoid,0.582223578,Good,3,PCA_Silhouette
.alpha.-Aminoadipic acid,C6 H11 N O4,161.06842,0.913,Amino Acid,0.579595389,Good,1,OPLS_Silhouette
(?)-Galanthamine,C17 H21 N O3,287.1519,9.939,Alkaloid,0.568213687,Good,3,PCA_Silhouette
L-(+)-Aspartic acid,C4 H7 N O4,133.03717,0.831,Amino Acid,0.563218669,Good,1,OPLS_Silhouette
Protocatechuic aldehyde,C7 H6 O3,138.03133,1.194,Polyphenolic,0.562898635,Good,1,OPLS_Silhouette
Coumurrayin,C16 H18 O4,274.12053,9.718,Polyphenolic,0.561889059,Good,3,PCA_Silhouette
N-Acetyl-L-glutamic acid,C7 H11 N O5,189.06366,1.21,Amino Acid,0.557216597,Good,1,OPLS_Silhouette
brevifolin carboxylic acid,C13 H8 O8,292.02186,5.294,Polyphenolic,0.556971921,Good,2,HC_Silhouette
Geraniin,C41 H28 O27,952.08211,6.063,Polyphenolic,0.554981654,Good,1,HC_Silhouette
Pinocembrin,C15 H12 O4,256.07341,9.574,Flavonoid,0.553899534,Good,3,PCA_Silhouette
Dihydrocodeine,C18 H23 N O3,301.16753,10.477,Alkaloid,0.552828786,Good,3,OPLS_Silhouette
Ethylmorphine,C19 H23 N O3,313.16777,4.71,Alkaloid,0.551673113,Good,3,PCA_Silhouette
Amino-levulinic acid,C5 H9 N O3,131.0579,0.817,Amino Acid,0.55152243,Good,1,OPLS_Silhouette
Neochanin,C16 H12 O4,268.07356,9.167,Flavonoid,0.551158604,Good,3,PCA_Silhouette
Piperlongumine,C17 H19 N O5,317.12615,9.196,Alkaloid,0.548415159,Good,3,PCA_Silhouette
4?-O-Methylnorbelladine,C16 H19 N O3,273.13643,8.876,Alkaloid,0.547006395,Good,3,PCA_Silhouette
"1,2,3,4,6-Pentagalloyl glucose",C41 H32 O26,940.11816,6.186,Polyphenolic,0.545984,Good,1,HC_Silhouette
Digallic acid,C14 H10 O9,322.03239,4.951,Polyphenolic,0.544690511,Good,2,HC_Silhouette
Phthalyl-DL-glutamic Acid,C13 H11 N O6,277.05861,5.972,Amino Acid,0.543441695,Good,3,PCA_Silhouette
Eugenol,C10 H12 O2,164.08375,9.227,Polyphenolic,0.542810644,Good,3,PCA_Silhouette
(+)-[6]-Gingerol,C17 H26 O4,294.18315,10.078,Polyphenolic,0.539312303,Good,3,OPLS_Silhouette
Shikalkin,C16 H16 O5,288.09957,8.909,Polyphenolic,0.532599645,Good,3,PCA_Silhouette
L-(+)-Valine,C5 H11 N O2,117.07898,0.99,Amino Acid,0.530166405,Good,1,OPLS_Silhouette
citramalic acid,C5 H8 O5,148.03674,0.898,other,0.529730764,Good,1,OPLS_Silhouette
Brassylic acid,C13 H24 O4,244.16748,10.28,Lipid,0.527700737,Good,3,PCA_Silhouette
Nootkatone,C15 H22 O,218.16701,10.769,Terpenoid,0.51140841,Good,3,PCA_Silhouette
Itaconic acid,C5 H6 O4,130.02627,1.188,carboxylic acid,0.505733417,Good,1,OPLS_Silhouette
Bergenin,C14 H16 O9,328.07936,6.333,Polyphenolic,0.500122376,Good,3,PCA_Silhouette
chebulinic acid,C41 H32 O27,956.11264,6.279,Polyphenolic,0.499028343,Good,1,HC_Silhouette
4-guanidinobutanal,C5 H11 N3 O,129.0898,1.144,Amino Acid,0.498257306,Good,1,OPLS_Silhouette
Quercetin,C15 H10 O7,302.0425,6.904,Flavonoid,0.49404929,Good,3,PCA_Silhouette
Ellagic acid,C14 H6 O8,302.00617,6.864,Polyphenolic,0.49170052,Good,3,PCA_Silhouette
Kermesic Acid,C16 H10 O8,330.03746,8.264,Polyphenolic,0.489157001,Good,3,PCA_Silhouette
(±)-Naringenin,C15 H12 O5,272.06835,8.344,Flavonoid,0.486097814,Good,3,PCA_Silhouette
Curcumene,C15 H22,202.17211,11.41,Terpenoid,0.481252084,Good,3,PCA_Silhouette
(±)-2-Hydroxyglutaric acid,C5 H8 O5,148.03711,0.965,carboxylic acid,0.481199074,Good,2,HC_Silhouette
Glaurin,C16 H32 O4,288.23024,9.932,Lipid,0.478999047,Good,3,OPLS_Silhouette
(?)-Abietic acid,C20 H30 O2,302.22453,12.186,Terpenoid,0.471819791,Good,3,OPLS_Silhouette
Isofraxidin,C11 H10 O5,222.05277,6.782,Polyphenolic,0.469207816,Good,2,HC_Silhouette
Indole-3-acetic acid,C10 H9 N O2,175.06308,3.975,Alkaloid,0.465454855,Good,2,HC_Silhouette
Galloylglucose,C13 H16 O10,332.07439,3.166,Polyphenolic,0.464911572,Good,3,PCA_Silhouette
"(E,E)-?-Farnesene",C15 H24,204.18781,11.723,Terpenoid,0.46206156,Good,3,PCA_Silhouette
Sanggenone H,C20 H18 O6,354.11012,9.897,Flavonoid,0.460555809,Good,3,OPLS_Silhouette
Indole-3-carbidol,C9 H9 N O,147.06819,6.911,Alkaloid,0.459247201,Good,2,HC_Silhouette
(+)-podocarpic acid,C17 H22 O3,274.157,11.61,Terpenoid,0.458709317,Good,3,OPLS_Silhouette
DL-TYROSINE,C9 H11 N O3,181.07388,1.889,Amino Acid,0.458503868,Good,2,HC_Silhouette
(+)-Alantolactone,C15 H20 O2,232.14626,8.655,Terpenoid,0.454631941,Good,3,PCA_Silhouette
