Phytochemical Name,Common name
brevifolin carboxylic acid,AKR1B1
brevifolin carboxylic acid,ADORA1
brevifolin carboxylic acid,GRIK1
brevifolin carboxylic acid,GRIA1
brevifolin carboxylic acid,GRIK5
brevifolin carboxylic acid,GRIA4
brevifolin carboxylic acid,GRIA3
brevifolin carboxylic acid,GRIA2
brevifolin carboxylic acid,BCL2L1
brevifolin carboxylic acid,RRM2
brevifolin carboxylic acid,EGLN1
brevifolin carboxylic acid,COMT
brevifolin carboxylic acid,TNNC1
brevifolin carboxylic acid,TNNT2
brevifolin carboxylic acid,TNNI3
brevifolin carboxylic acid,P2RX3
brevifolin carboxylic acid,P2RX1
brevifolin carboxylic acid,ADK
brevifolin carboxylic acid,SLC6A3
brevifolin carboxylic acid,STS
brevifolin carboxylic acid,PIK3CG
brevifolin carboxylic acid,PIK3CA
brevifolin carboxylic acid,ELANE
brevifolin carboxylic acid,MIF
brevifolin carboxylic acid,MCL1
brevifolin carboxylic acid,BCL2
brevifolin carboxylic acid,CNR2
brevifolin carboxylic acid,CNR1
brevifolin carboxylic acid,PTGES
brevifolin carboxylic acid,LDHA
brevifolin carboxylic acid,NQO1
brevifolin carboxylic acid,PTPN1
brevifolin carboxylic acid,ADAM17
brevifolin carboxylic acid,GPR55
brevifolin carboxylic acid,GPR18
brevifolin carboxylic acid,SLC22A12
brevifolin carboxylic acid,CA9
brevifolin carboxylic acid,NFKB1
brevifolin carboxylic acid,PIK3CA
brevifolin carboxylic acid,PIK3R1
brevifolin carboxylic acid,FBP1
brevifolin carboxylic acid,ACP1
brevifolin carboxylic acid,BAD
brevifolin carboxylic acid,WEE1
brevifolin carboxylic acid,HSD17B3
brevifolin carboxylic acid,LTB4R
brevifolin carboxylic acid,PPARG
brevifolin carboxylic acid,THRA
brevifolin carboxylic acid,THRB
Digallic acid,POLA1
Digallic acid,POLB
Digallic acid,SERPINE1
Digallic acid,TUBB1
Digallic acid,CA7
Digallic acid,CA3
Digallic acid,CA6
Digallic acid,CA5A
Digallic acid,MAOA
Digallic acid,MAOB
Digallic acid,CA2
Digallic acid,CA1
Digallic acid,FUT7
Digallic acid,CA12
Digallic acid,CA14
Digallic acid,CA9
Digallic acid,CSNK2A1
Digallic acid,CSNK2A2
Digallic acid,SLC37A4
Digallic acid,CYP19A1
Digallic acid,SQLE
Digallic acid,TRPM8
Digallic acid,SELE
Digallic acid,ERN1
Digallic acid,HIF1A
Digallic acid,HDAC6
Digallic acid,HDAC8
Digallic acid,CA4
Digallic acid,GRM2
Digallic acid,ESR2
Digallic acid,ASNS
Digallic acid,PRSS1
Digallic acid,ACR
Digallic acid,CNR2
Digallic acid,TYMS
Digallic acid,NR4A1
Digallic acid,CA5B
Digallic acid,CA13
Digallic acid,ADCY10
Digallic acid,HTR1A
Digallic acid,ADRA1D
Digallic acid,ADRA1A
Digallic acid,ADRA1B
Digallic acid,PIM1
Digallic acid,ENPEP
Digallic acid,ACE
Digallic acid,FABP4
Digallic acid,FABP3
Digallic acid,FABP5
Digallic acid,SRD5A2
Digallic acid,AKR1C3
Digallic acid,PTGES
Digallic acid,POLG
Digallic acid,PYGL
Digallic acid,PYGM
Digallic acid,YARS
Digallic acid,P2RY1
Digallic acid,HSP90AA1
Digallic acid,ADORA1
Digallic acid,LCK
Digallic acid,ALK
Digallic acid,PIK3CG
Digallic acid,PIK3CA
Digallic acid,AKR1B10
Digallic acid,FPGS
Digallic acid,MMP1
Digallic acid,TAS2R31
Digallic acid,CASP3
Digallic acid,KDM4C
Digallic acid,INSR
Digallic acid,SLC6A3
Digallic acid,MCL1
Digallic acid,SYK
Digallic acid,SELL
Digallic acid,SELP
Digallic acid,TPMT
Digallic acid,ATIC
Digallic acid,ALOX12
Digallic acid,NEU4
Digallic acid,PLA2G4B
Digallic acid,ITGB1
Digallic acid,ITGA4
Digallic acid,DRD2
Digallic acid,DRD4
Digallic acid,HPRT1
Digallic acid,CASP6
Digallic acid,CASP7
Digallic acid,CASP8
Digallic acid,CASP1
Digallic acid,CASP2
Digallic acid,GRM5
Digallic acid,SLC5A2
Digallic acid,SLC5A1
Digallic acid,CELA1
Digallic acid,PREP
Digallic acid,GRIK1
Digallic acid,GRIK5
Digallic acid,GRIK2
Digallic acid,PNP
Digallic acid,AMPD3
Digallic acid,ELANE
2-Hydroxyglutaric acid,ACLY
2-Hydroxyglutaric acid,EGLN1
2-Hydroxyglutaric acid,SLC22A6
2-Hydroxyglutaric acid,CHRNA7
2-Hydroxyglutaric acid,FDFT1
2-Hydroxyglutaric acid,FNTA
2-Hydroxyglutaric acid,FNTB
2-Hydroxyglutaric acid,HMGCR
2-Hydroxyglutaric acid,PTGER2
2-Hydroxyglutaric acid,PTGFR
2-Hydroxyglutaric acid,GRIK1
2-Hydroxyglutaric acid,GRIA1
2-Hydroxyglutaric acid,ADORA3
2-Hydroxyglutaric acid,GRIK5
2-Hydroxyglutaric acid,SLC1A1
2-Hydroxyglutaric acid,GRM4
2-Hydroxyglutaric acid,GRM3
2-Hydroxyglutaric acid,GRIA4
2-Hydroxyglutaric acid,GRM5
2-Hydroxyglutaric acid,GRM8
2-Hydroxyglutaric acid,GRIK2
2-Hydroxyglutaric acid,GRIK3
2-Hydroxyglutaric acid,GRM1
2-Hydroxyglutaric acid,GRM7
2-Hydroxyglutaric acid,GRIA2
2-Hydroxyglutaric acid,GRM6
2-Hydroxyglutaric acid,GRM2
2-Hydroxyglutaric acid,NPC1L1
2-Hydroxyglutaric acid,HAO1
2-Hydroxyglutaric acid,ADSS
2-Hydroxyglutaric acid,FABP4
2-Hydroxyglutaric acid,PPARA
2-Hydroxyglutaric acid,FABP3
2-Hydroxyglutaric acid,FABP5
2-Hydroxyglutaric acid,PPARD
2-Hydroxyglutaric acid,FFAR1
2-Hydroxyglutaric acid,FABP2
2-Hydroxyglutaric acid,KDM2A
2-Hydroxyglutaric acid,PHF8
2-Hydroxyglutaric acid,NR1H4
2-Hydroxyglutaric acid,KDM5C
2-Hydroxyglutaric acid,G6PD
2-Hydroxyglutaric acid,GPBAR1
2-Hydroxyglutaric acid,HSD11B1
2-Hydroxyglutaric acid,FOLH1
2-Hydroxyglutaric acid,HDAC3
2-Hydroxyglutaric acid,AR
2-Hydroxyglutaric acid,VDR
2-Hydroxyglutaric acid,CYP19A1
2-Hydroxyglutaric acid,GABRA2
2-Hydroxyglutaric acid,GABRB2
2-Hydroxyglutaric acid,GABRG2
2-Hydroxyglutaric acid,CDC25A
2-Hydroxyglutaric acid,AKR1B10
2-Hydroxyglutaric acid,POLB
2-Hydroxyglutaric acid,HSD11B2
2-Hydroxyglutaric acid,RNPEP
2-Hydroxyglutaric acid,UGT2B7
2-Hydroxyglutaric acid,CA1
2-Hydroxyglutaric acid,CA9
2-Hydroxyglutaric acid,SERPINA6
2-Hydroxyglutaric acid,SHBG
2-Hydroxyglutaric acid,HSD17B3
2-Hydroxyglutaric acid,SLC1A2
2-Hydroxyglutaric acid,GABBR1
2-Hydroxyglutaric acid,PGD
2-Hydroxyglutaric acid,SLC6A12
2-Hydroxyglutaric acid,CPT1A
2-Hydroxyglutaric acid,CA2
2-Hydroxyglutaric acid,PLG
2-Hydroxyglutaric acid,PTPN1
2-Hydroxyglutaric acid,GSTK1
2-Hydroxyglutaric acid,LTA4H
Isofraxidin,CA7
Isofraxidin,CA1
Isofraxidin,CA9
Isofraxidin,CA13
Isofraxidin,CA12
Isofraxidin,CA2
Isofraxidin,ACHE
Isofraxidin,MAOA
Isofraxidin,EGFR
Isofraxidin,CDK2
Isofraxidin,CCNA1
Isofraxidin,CCNA2
Isofraxidin,KDR
Isofraxidin,GSR
Isofraxidin,CA14
Isofraxidin,CYP1A2
Isofraxidin,PTK2
Isofraxidin,CA6
Isofraxidin,MAP3K8
Isofraxidin,HSPA1A
Isofraxidin,NUAK1
Isofraxidin,MAOB
Isofraxidin,GSK3B
Isofraxidin,MET
Isofraxidin,DAO
Isofraxidin,BACE1
Isofraxidin,CA5B
Isofraxidin,CBR1
Isofraxidin,CDK9
Isofraxidin,CCNT1
Isofraxidin,CISD1
Isofraxidin,RET
Isofraxidin,HMGCR
Isofraxidin,KCNA3
Isofraxidin,KCNMA1
Isofraxidin,SRC
Isofraxidin,MB
Isofraxidin,PARP1
Isofraxidin,PTPN1
Isofraxidin,CA4
Isofraxidin,ADRA2A
Isofraxidin,ADRA2C
Isofraxidin,ADRA2B
Isofraxidin,NISCH
Isofraxidin,ALOX5
Isofraxidin,AKR1B1
Isofraxidin,GPR35
Isofraxidin,ELANE
Isofraxidin,TERT
Isofraxidin,GSTA1
Isofraxidin,HTR2B
Isofraxidin,NAT1
Isofraxidin,AURKB
Isofraxidin,SQLE
Isofraxidin,EPHB4
Isofraxidin,TAAR1
Isofraxidin,CSNK2A1
Isofraxidin,TNNC1
Isofraxidin,TNNT2
Isofraxidin,TNNI3
Isofraxidin,TYMS
Isofraxidin,LDHA
Isofraxidin,F2
Isofraxidin,CHRM1
Isofraxidin,AKT1
Isofraxidin,AURKA
Isofraxidin,ALPL
Isofraxidin,PLAA
Isofraxidin,HDAC6
Isofraxidin,HDAC8
Isofraxidin,HDAC1
Isofraxidin,ALPG
Isofraxidin,NOX4
Isofraxidin,MAPKAPK2
Isofraxidin,TNKS2
Isofraxidin,TNKS
Isofraxidin,PIK3CG
Isofraxidin,KDM1A
Isofraxidin,PDGFRB
Isofraxidin,INSR
Isofraxidin,LYN
Isofraxidin,FGR
Isofraxidin,AOC3
Isofraxidin,PIM2
Isofraxidin,BRAF
Isofraxidin,PLEC
Isofraxidin,CSNK1A1
Isofraxidin,CSNK1D
Isofraxidin,HSP90AA1
Isofraxidin,ERBB2
Isofraxidin,ASF1A
Isofraxidin,EGLN1
Isofraxidin,CA5A
Isofraxidin,FGFR1
Isofraxidin,CCND1
Isofraxidin,CDK4
Isofraxidin,MMP13
Isofraxidin,MMP3
Isofraxidin,MMP1
Isofraxidin,KMT5A
Isofraxidin,CXCR1
Isofraxidin,F12
Isofraxidin,CDK5R1
Isofraxidin,CDK5
Isofraxidin,PLA2G7
Isofraxidin,APEX1
Isofraxidin,HDAC5
Indole-3-acetic acid,CDC25A
Indole-3-acetic acid,TDO2
Indole-3-acetic acid,HCAR2
Indole-3-acetic acid,PTGS2
Indole-3-acetic acid,PARP2
Indole-3-acetic acid,NOTUM
Indole-3-acetic acid,HSP90AA1
Indole-3-acetic acid,CAPN2
Indole-3-acetic acid,CAPN1
Indole-3-acetic acid,PLK1
Indole-3-acetic acid,KDM2A
Indole-3-acetic acid,PHF8
Indole-3-acetic acid,EGLN1
Indole-3-acetic acid,CSNK2A1
Indole-3-acetic acid,CPA3
Indole-3-acetic acid,SLC6A2
Indole-3-acetic acid,EGLN3
Indole-3-acetic acid,TDP2
Indole-3-acetic acid,MME
Indole-3-acetic acid,TYMS
Indole-3-acetic acid,PSEN2
Indole-3-acetic acid,PSENEN
Indole-3-acetic acid,NCSTN
Indole-3-acetic acid,APH1A
Indole-3-acetic acid,PSEN1
Indole-3-acetic acid,APH1B
Indole-3-acetic acid,PAM
Indole-3-acetic acid,FDPS
Indole-3-acetic acid,CA1
Indole-3-acetic acid,CA12
Indole-3-acetic acid,CA9
Indole-3-acetic acid,HSPA1A
Indole-3-acetic acid,AKR1A1
Indole-3-acetic acid,MAOB
Indole-3-acetic acid,KDM7A
Indole-3-acetic acid,CA2
Indole-3-acetic acid,CA7
Indole-3-acetic acid,CA6
Indole-3-acetic acid,CA14
Indole-3-acetic acid,CA5B
Indole-3-acetic acid,CA5A
Indole-3-acetic acid,SRD5A2
Indole-3-acetic acid,CA4
Indole-3-acetic acid,HCAR3
Indole-3-acetic acid,DAO
Indole-3-acetic acid,CA13
Indole-3-acetic acid,GRK2
Indole-3-acetic acid,MAOA
Indole-3-acetic acid,SLC16A3
Indole-3-acetic acid,CAD
Indole-3-acetic acid,PPARG
Indole-3-acetic acid,PPARD
Indole-3-acetic acid,HTR2B
Indole-3-acetic acid,HTR1B
Indole-3-acetic acid,HTR1D
Indole-3-acetic acid,HTR2A
Indole-3-acetic acid,HTR2C
Indole-3-acetic acid,SLC6A4
Indole-3-acetic acid,SLC6A3
Indole-3-acetic acid,MPO
Indole-3-acetic acid,HTR6
Indole-3-acetic acid,CPA1
Indole-3-acetic acid,CA3
Indole-3-acetic acid,GRIN1
Indole-3-acetic acid,KMO
Indole-3-acetic acid,KDM4E
Indole-3-acetic acid,PLEC
Indole-3-acetic acid,KDM3A
Indole-3-acetic acid,KDM5C
Indole-3-acetic acid,PTPRC
Indole-3-acetic acid,KDM4A
Indole-3-acetic acid,KDM4C
Indole-3-acetic acid,PARP10
Indole-3-acetic acid,RNPEP
Indole-3-acetic acid,APEX1
Indole-3-acetic acid,SLC16A1
Indole-3-acetic acid,ICMT
Indole-3-acetic acid,PIM3
Indole-3-acetic acid,TAS1R3
Indole-3-acetic acid,TAS1R1
Indole-3-acetic acid,ALPL
Indole-3-acetic acid,CHRNA7
Indole-3-acetic acid,MMP13
Indole-3-acetic acid,MMP12
Indole-3-acetic acid,MMP8
Indole-3-acetic acid,EDNRB
Indole-3-acetic acid,PYGL
Indole-3-acetic acid,PYGM
Indole-3-acetic acid,DDO
Indole-3-acetic acid,CHRNA4
Indole-3-acetic acid,CHRNB2
Indole-3-acetic acid,DYRK1A
Indole-3-acetic acid,SORT1
Indole-3-acetic acid,SLC22A6
Indole-3-acetic acid,ACE2
Indole-3-acetic acid,KDM4D
Indole-3-acetic acid,CSNK2A2
Indole-3-acetic acid,PDE5A
Indole-3-acetic acid,PDE9A
Indole-3-acetic acid,HTR1A
Indole-3-acetic acid,GPR35
Indole-3-acetic acid,KDM6B
Indole-3-acetic acid,FUCA1
Indole-3-acetic acid,THRA
Indole-3-acetic acid,THRB
Indole-3-acetic acid,KDM4B
Indole-3-acetic acid,KDM5B
Indole-3-Carbinol,GSR
Indole-3-Carbinol,AOC3
Indole-3-Carbinol,MIF
Indole-3-Carbinol,CES1
Indole-3-Carbinol,CES2
Indole-3-Carbinol,CDK5R1
Indole-3-Carbinol,CDK5
Indole-3-Carbinol,CYP2A6
Indole-3-Carbinol,CASP1
Indole-3-Carbinol,TOP2A
Indole-3-Carbinol,PKM
Indole-3-Carbinol,HMOX1
Indole-3-Carbinol,MGLL
Indole-3-Carbinol,PDGFRA
Indole-3-Carbinol,FGFR3
Indole-3-Carbinol,KDM4E
Indole-3-Carbinol,IDH1
Indole-3-Carbinol,PTGS2
Indole-3-Carbinol,CDK1
Indole-3-Carbinol,CYP19A1
Indole-3-Carbinol,KDM3A
Indole-3-Carbinol,KDM6B
Indole-3-Carbinol,FTO
Indole-3-Carbinol,KDM4C
Indole-3-Carbinol,CYP11B2
Indole-3-Carbinol,AKR1B1
Indole-3-Carbinol,PPARD
Indole-3-Carbinol,BDKRB1
Indole-3-Carbinol,OXTR
Indole-3-Carbinol,TYMS
Indole-3-Carbinol,PDPK1
Indole-3-Carbinol,JAK1
Indole-3-Carbinol,IDO1
Indole-3-Carbinol,ACPP
Indole-3-Carbinol,HSD17B2
Indole-3-Carbinol,CCR5
Indole-3-Carbinol,CCR8
Indole-3-Carbinol,JAK3
Indole-3-Carbinol,CYP2D6
Indole-3-Carbinol,MAPK3
Indole-3-Carbinol,CDC7
Indole-3-Carbinol,ASAH1
Indole-3-Carbinol,SRD5A2
Indole-3-Carbinol,EDNRA
Indole-3-Carbinol,KDM1A
Indole-3-Carbinol,TYK2
Indole-3-Carbinol,HTR1B
Indole-3-Carbinol,HTR1D
Indole-3-Carbinol,EWS-Fli1
Indole-3-Carbinol,MAOB
Indole-3-Carbinol,KMO
Indole-3-Carbinol,CHRM1
Indole-3-Carbinol,CMA1
Indole-3-Carbinol,FASN
Indole-3-Carbinol,F13A1
Indole-3-Carbinol,BRD4
Indole-3-Carbinol,PYGL
Indole-3-Carbinol,LPAR3
Indole-3-Carbinol,EDNRB
Indole-3-Carbinol,GSK3B
Indole-3-Carbinol,GSK3A
Indole-3-Carbinol,CA7
Indole-3-Carbinol,PTAFR
Indole-3-Carbinol,CA14
Indole-3-Carbinol,CA5B
Indole-3-Carbinol,CA5A
Indole-3-Carbinol,TRPV3
Indole-3-Carbinol,COMT
Indole-3-Carbinol,MMP1
Indole-3-Carbinol,MMP2
Indole-3-Carbinol,MMP8
Indole-3-Carbinol,NUDT1
Indole-3-Carbinol,ABCC9
Indole-3-Carbinol,KCNJ11
Indole-3-Carbinol,ABCC9
Indole-3-Carbinol,CA3
Indole-3-Carbinol,CA13
Indole-3-Carbinol,APEX1
Indole-3-Carbinol,AHCY
Indole-3-Carbinol,GRK2
Indole-3-Carbinol,RPS6KA5
Indole-3-Carbinol,PARP1
Indole-3-Carbinol,FKBP1A
Indole-3-Carbinol,PSEN2
Indole-3-Carbinol,PSENEN
Indole-3-Carbinol,NCSTN
Indole-3-Carbinol,APH1A
Indole-3-Carbinol,PSEN1
Indole-3-Carbinol,APH1B
Indole-3-Carbinol,MAPK14
Indole-3-Carbinol,CYP1B1
Indole-3-Carbinol,BRD2
Indole-3-Carbinol,DRD4
Indole-3-Carbinol,MAPK1
Indole-3-Carbinol,TDP2
Indole-3-Carbinol,PFKFB4
Indole-3-Carbinol,PFKFB3
Indole-3-Carbinol,NOS2
Indole-3-Carbinol,CDK2
Indole-3-Carbinol,CCNA1
Indole-3-Carbinol,CCNA2
Indole-3-Carbinol,FAAH
Indole-3-Carbinol,PIN1
Indole-3-Carbinol,SLC6A3
Indole-3-Carbinol,KCNE1
Indole-3-Carbinol,KCNQ1
Indole-3-Carbinol,ADORA2B
Indole-3-Carbinol,HCAR2
Indole-3-Carbinol,OPRM1
Indole-3-Carbinol,SCN9A
Indole-3-Carbinol,RORC
DL-TYROSINE,KDM4E
DL-TYROSINE,FYN
DL-TYROSINE,EGFR
DL-TYROSINE,LCK
DL-TYROSINE,TH
DL-TYROSINE,CACNA2D1
DL-TYROSINE,THRA
DL-TYROSINE,THRB
DL-TYROSINE,SLC7A5
DL-TYROSINE,NR1H4
DL-TYROSINE,APEX1
DL-TYROSINE,PTPRA
DL-TYROSINE,TAAR1
DL-TYROSINE,KMO
DL-TYROSINE,KDM4C
DL-TYROSINE,GABBR2
DL-TYROSINE,GABBR1
DL-TYROSINE,GABBR1
DL-TYROSINE,MAPKAPK2
DL-TYROSINE,CPB1
DL-TYROSINE,KIF11
DL-TYROSINE,ESR1
DL-TYROSINE,ESR2
DL-TYROSINE,GRB2
DL-TYROSINE,SLC6A4
DL-TYROSINE,PEPD
DL-TYROSINE,MTNR1A
DL-TYROSINE,TACR1
DL-TYROSINE,GRIK2
DL-TYROSINE,PTPN1
DL-TYROSINE,KYNU
DL-TYROSINE,GRIA4
DL-TYROSINE,GRIA2
DL-TYROSINE,HTR2A
DL-TYROSINE,CTBP2
DL-TYROSINE,GRIK5
DL-TYROSINE,ADORA3
DL-TYROSINE,PCNA
DL-TYROSINE,HTR3A
DL-TYROSINE,MMP13
DL-TYROSINE,MMP9
DL-TYROSINE,MMP8
DL-TYROSINE,GRIK3
DL-TYROSINE,CPB2
DL-TYROSINE,FOLH1
DL-TYROSINE,HSD11B1
DL-TYROSINE,FFAR1
DL-TYROSINE,GRM3
DL-TYROSINE,GRM6
DL-TYROSINE,HTR2B
DL-TYROSINE,HTR1A
DL-TYROSINE,HTR2C
DL-TYROSINE,HTR7
DL-TYROSINE,PPARG
DL-TYROSINE,PPARA
DL-TYROSINE,PPARD
DL-TYROSINE,ADRB2
DL-TYROSINE,CASR
DL-TYROSINE,SLC6A2
DL-TYROSINE,KCNH2
DL-TYROSINE,OPRM1
DL-TYROSINE,OPRD1
DL-TYROSINE,YARS
DL-TYROSINE,SLC15A1
DL-TYROSINE,ADRA2A
DL-TYROSINE,ADRA2B
DL-TYROSINE,ADRA1A
DL-TYROSINE,ITGB1
DL-TYROSINE,ITGA5
DL-TYROSINE,CPN1
DL-TYROSINE,GCLC
DL-TYROSINE,DRD2
DL-TYROSINE,ADORA1
DL-TYROSINE,MMP2
DL-TYROSINE,GABRR1
DL-TYROSINE,FUCA1
DL-TYROSINE,KDM1A
DL-TYROSINE,BHMT
DL-TYROSINE,OAT
DL-TYROSINE,ADRB1
DL-TYROSINE,DRD5
DL-TYROSINE,MTNR1B
DL-TYROSINE,DRD1
DL-TYROSINE,DRD4
DL-TYROSINE,DRD3
DL-TYROSINE,PIM1
DL-TYROSINE,PIM2
DL-TYROSINE,PLG
DL-TYROSINE,NOS1
DL-TYROSINE,CNR1
DL-TYROSINE,ARG1
DL-TYROSINE,MGAM
DL-TYROSINE,SI
DL-TYROSINE,MAOA
DL-TYROSINE,CPA1
DL-TYROSINE,CPA3
DL-TYROSINE,CYP1A2
DL-TYROSINE,GFPT1
DL-TYROSINE,CCR3
DL-TYROSINE,ANPEP
DL-TYROSINE,ENPEP
DL-TYROSINE,SCN4A
