source,native,name,p_value,significant,description,term_size,query_size,intersection_size,effective_domain_size,precision,recall,query,parents
KEGG,KEGG:00052,Galactose metabolism,0.0003525117250542554,True,Galactose metabolism,32,10,3,8484,0.3,0.09375,query_1,['KEGG:00000']
KEGG,KEGG:00500,Starch and sucrose metabolism,0.000506188956031074,True,Starch and sucrose metabolism,36,10,3,8484,0.3,0.08333333333333333,query_1,['KEGG:00000']
GO:BP,GO:0002446,neutrophil mediated immunity,0.0008158651579264221,True,"""Any process involved in the carrying out of an immune response by a neutrophil."" [GO_REF:0000022, GOC:add, ISBN:0781735149]",39,10,3,21026,0.3,0.07692307692307693,query_1,['GO:0002444']
GO:BP,GO:0016052,carbohydrate catabolic process,0.001040003280491276,True,"""The chemical reactions and pathways resulting in the breakdown of carbohydrates, any of a group of organic compounds based of the general formula Cx(H2O)y."" [ISBN:0198506732]",173,10,4,21026,0.4,0.023121387283236993,query_1,"['GO:0005975', 'GO:0009056']"
GO:BP,GO:0046352,disaccharide catabolic process,0.001419653225282227,True,"""The chemical reactions and pathways resulting in the breakdown of disaccharides, sugars composed of two monosaccharide units."" [GOC:ai]",4,10,2,21026,0.2,0.5,query_1,"['GO:0005984', 'GO:0009313']"
GO:BP,GO:0005975,carbohydrate metabolic process,0.0034836862670107006,True,"""The chemical reactions and pathways involving carbohydrates, any of a group of organic compounds based of the general formula Cx(H2O)y."" [GOC:mah, ISBN:0198506732]",561,10,5,21026,0.5,0.008912655971479501,query_1,['GO:0044238']
GO:BP,GO:0070945,neutrophil-mediated killing of gram-negative bacterium,0.004965005782595323,True,"""The directed killing of a gram-negative bacterium by a neutrophil."" [GOC:add, ISBN:0781765196]",7,10,2,21026,0.2,0.2857142857142857,query_1,"['GO:0050829', 'GO:0070944']"
REAC,REAC:R-HSA-189085,Digestion of dietary carbohydrate,0.011182704415751393,True,Digestion of dietary carbohydrate,11,10,2,11004,0.2,0.18181818181818182,query_1,['REAC:R-HSA-8935690']
GO:BP,GO:0005984,disaccharide metabolic process,0.012990396342990946,True,"""The chemical reactions and pathways involving any disaccharide, sugars composed of two monosaccharide units."" [GOC:jl, ISBN:0192800981]",11,10,2,21026,0.2,0.18181818181818182,query_1,['GO:0009311']
GO:BP,GO:0070944,neutrophil-mediated killing of bacterium,0.015584521012971147,True,"""The directed killing of a bacterium by a neutrophil."" [GOC:add, ISBN:0781765196]",12,10,2,21026,0.2,0.16666666666666666,query_1,"['GO:0042742', 'GO:0070943']"
GO:BP,GO:0070943,neutrophil-mediated killing of symbiont cell,0.01841339783885886,True,"""The directed killing of a symbiont target cell by a neutrophil. The symbiont is defined as the smaller of the organisms involved in a symbiotic interaction."" [GOC:add, ISBN:0781765196]",13,10,2,21026,0.2,0.15384615384615385,query_1,"['GO:0051873', 'GO:0070942']"
GO:BP,GO:0002444,myeloid leukocyte mediated immunity,0.022773834180704736,True,"""Any process involved in the carrying out of an immune response by a myeloid leukocyte."" [GO_REF:0000022, GOC:add, ISBN:0781735149]",117,10,3,21026,0.3,0.02564102564102564,query_1,['GO:0002443']
GO:BP,GO:0009313,oligosaccharide catabolic process,0.024774691363487998,True,"""The chemical reactions and pathways resulting in the breakdown of oligosaccharides, molecules with between two and (about) 20 monosaccharide residues connected by glycosidic linkages."" [ISBN:0198506732]",15,10,2,21026,0.2,0.13333333333333333,query_1,"['GO:0009311', 'GO:0016052']"
GO:BP,GO:0070942,neutrophil mediated cytotoxicity,0.024774691363487998,True,"""The directed killing of a target cell by a neutrophil."" [GOC:add, ISBN:0781765196]",15,10,2,21026,0.2,0.13333333333333333,query_1,"['GO:0001909', 'GO:0002446']"
GO:BP,GO:0032102,negative regulation of response to external stimulus,0.025533202512383404,True,"""Any process that stops, prevents, or reduces the frequency, rate or extent of a response to an external stimulus."" [GOC:mah]",388,10,4,21026,0.4,0.010309278350515464,query_1,"['GO:0009605', 'GO:0032101', 'GO:0048585']"
REAC,REAC:R-HSA-8935690,Digestion,0.046717491743384,True,Digestion,22,10,2,11004,0.2,0.09090909090909091,query_1,['REAC:R-HSA-8963743']
